#
# $Id$
#

# POSTGRES BEGIN #

# -- Config
INSERT INTO phpbb_config (config_name, config_value) VALUES ('active_sessions', '0');
INSERT INTO phpbb_config (config_name, config_value) VALUES ('allow_attachments', '1');
INSERT INTO phpbb_config (config_name, config_value) VALUES ('allow_autologin', '1');
INSERT INTO phpbb_config (config_name, config_value) VALUES ('allow_avatar', '1');
INSERT INTO phpbb_config (config_name, config_value) VALUES ('allow_avatar_local', '0');
INSERT INTO phpbb_config (config_name, config_value) VALUES ('allow_avatar_remote', '0');
INSERT INTO phpbb_config (config_name, config_value) VALUES ('allow_avatar_upload', '1');
INSERT INTO phpbb_config (config_name, config_value) VALUES ('allow_avatar_remote_upload', '0');
INSERT INTO phpbb_config (config_name, config_value) VALUES ('allow_bbcode', '1');
INSERT INTO phpbb_config (config_name, config_value) VALUES ('allow_birthdays', '1');
INSERT INTO phpbb_config (config_name, config_value) VALUES ('allow_bookmarks', '1');
INSERT INTO phpbb_config (config_name, config_value) VALUES ('allow_emailreuse', '0');
INSERT INTO phpbb_config (config_name, config_value) VALUES ('allow_forum_notify', '1');
INSERT INTO phpbb_config (config_name, config_value) VALUES ('allow_mass_pm', '1');
INSERT INTO phpbb_config (config_name, config_value) VALUES ('allow_name_chars', 'USERNAME_CHARS_ANY');
INSERT INTO phpbb_config (config_name, config_value) VALUES ('allow_namechange', '0');
INSERT INTO phpbb_config (config_name, config_value) VALUES ('allow_nocensors', '0');
INSERT INTO phpbb_config (config_name, config_value) VALUES ('allow_pm_attach', '0');
INSERT INTO phpbb_config (config_name, config_value) VALUES ('allow_pm_report', '1');
INSERT INTO phpbb_config (config_name, config_value) VALUES ('allow_post_flash', '1');
INSERT INTO phpbb_config (config_name, config_value) VALUES ('allow_post_links', '1');
INSERT INTO phpbb_config (config_name, config_value) VALUES ('allow_privmsg', '1');
INSERT INTO phpbb_config (config_name, config_value) VALUES ('allow_quick_reply', '1');
INSERT INTO phpbb_config (config_name, config_value) VALUES ('allow_sig', '1');
INSERT INTO phpbb_config (config_name, config_value) VALUES ('allow_sig_bbcode', '1');
INSERT INTO phpbb_config (config_name, config_value) VALUES ('allow_sig_flash', '0');
INSERT INTO phpbb_config (config_name, config_value) VALUES ('allow_sig_img', '1');
INSERT INTO phpbb_config (config_name, config_value) VALUES ('allow_sig_links', '1');
INSERT INTO phpbb_config (config_name, config_value) VALUES ('allow_sig_pm', '1');
INSERT INTO phpbb_config (config_name, config_value) VALUES ('allow_sig_smilies', '1');
INSERT INTO phpbb_config (config_name, config_value) VALUES ('allow_smilies', '1');
INSERT INTO phpbb_config (config_name, config_value) VALUES ('allow_topic_notify', '1');
INSERT INTO phpbb_config (config_name, config_value) VALUES ('attachment_quota', '52428800');
INSERT INTO phpbb_config (config_name, config_value) VALUES ('auth_bbcode_pm', '1');
INSERT INTO phpbb_config (config_name, config_value) VALUES ('auth_flash_pm', '0');
INSERT INTO phpbb_config (config_name, config_value) VALUES ('auth_img_pm', '1');
INSERT INTO phpbb_config (config_name, config_value) VALUES ('auth_method', 'db');
INSERT INTO phpbb_config (config_name, config_value) VALUES ('auth_smilies_pm', '1');
INSERT INTO phpbb_config (config_name, config_value) VALUES ('avatar_filesize', '6144');
INSERT INTO phpbb_config (config_name, config_value) VALUES ('avatar_gallery_path', 'images/avatars/gallery');
INSERT INTO phpbb_config (config_name, config_value) VALUES ('avatar_max_height', '90');
INSERT INTO phpbb_config (config_name, config_value) VALUES ('avatar_max_width', '90');
INSERT INTO phpbb_config (config_name, config_value) VALUES ('avatar_min_height', '20');
INSERT INTO phpbb_config (config_name, config_value) VALUES ('avatar_min_width', '20');
INSERT INTO phpbb_config (config_name, config_value) VALUES ('avatar_path', 'images/avatars/upload');
INSERT INTO phpbb_config (config_name, config_value) VALUES ('avatar_salt', 'phpbb_avatar');
INSERT INTO phpbb_config (config_name, config_value) VALUES ('board_contact', 'contact@yourdomain.tld');
INSERT INTO phpbb_config (config_name, config_value) VALUES ('board_disable', '0');
INSERT INTO phpbb_config (config_name, config_value) VALUES ('board_disable_msg', '');
INSERT INTO phpbb_config (config_name, config_value) VALUES ('board_dst', '0');
INSERT INTO phpbb_config (config_name, config_value) VALUES ('board_email', 'address@yourdomain.tld');
INSERT INTO phpbb_config (config_name, config_value) VALUES ('board_email_form', '0');
INSERT INTO phpbb_config (config_name, config_value) VALUES ('board_email_sig', '{L_CONFIG_BOARD_EMAIL_SIG}');
INSERT INTO phpbb_config (config_name, config_value) VALUES ('board_hide_emails', '1');
INSERT INTO phpbb_config (config_name, config_value) VALUES ('board_timezone', '0');
INSERT INTO phpbb_config (config_name, config_value) VALUES ('browser_check', '1');
INSERT INTO phpbb_config (config_name, config_value) VALUES ('bump_interval', '10');
INSERT INTO phpbb_config (config_name, config_value) VALUES ('bump_type', 'd');
INSERT INTO phpbb_config (config_name, config_value) VALUES ('cache_gc', '7200');
INSERT INTO phpbb_config (config_name, config_value) VALUES ('captcha_plugin', 'phpbb_captcha_nogd');
INSERT INTO phpbb_config (config_name, config_value) VALUES ('captcha_gd', '0');
INSERT INTO phpbb_config (config_name, config_value) VALUES ('captcha_gd_foreground_noise', '0');
INSERT INTO phpbb_config (config_name, config_value) VALUES ('captcha_gd_x_grid', '25');
INSERT INTO phpbb_config (config_name, config_value) VALUES ('captcha_gd_y_grid', '25');
INSERT INTO phpbb_config (config_name, config_value) VALUES ('captcha_gd_wave', '0');
INSERT INTO phpbb_config (config_name, config_value) VALUES ('captcha_gd_3d_noise', '1');
INSERT INTO phpbb_config (config_name, config_value) VALUES ('captcha_gd_fonts', '1');
INSERT INTO phpbb_config (config_name, config_value) VALUES ('confirm_refresh', '1');
INSERT INTO phpbb_config (config_name, config_value) VALUES ('check_attachment_content', '1');
INSERT INTO phpbb_config (config_name, config_value) VALUES ('check_dnsbl', '0');
INSERT INTO phpbb_config (config_name, config_value) VALUES ('chg_passforce', '0');
INSERT INTO phpbb_config (config_name, config_value) VALUES ('cookie_domain', '');
INSERT INTO phpbb_config (config_name, config_value) VALUES ('cookie_name', 'phpbb3');
INSERT INTO phpbb_config (config_name, config_value) VALUES ('cookie_path', '/');
INSERT INTO phpbb_config (config_name, config_value) VALUES ('cookie_secure', '0');
INSERT INTO phpbb_config (config_name, config_value) VALUES ('coppa_enable', '0');
INSERT INTO phpbb_config (config_name, config_value) VALUES ('coppa_fax', '');
INSERT INTO phpbb_config (config_name, config_value) VALUES ('coppa_mail', '');
INSERT INTO phpbb_config (config_name, config_value) VALUES ('database_gc', '604800');
INSERT INTO phpbb_config (config_name, config_value) VALUES ('dbms_version', '');
INSERT INTO phpbb_config (config_name, config_value) VALUES ('default_dateformat', 'D M d, Y g:i a');
INSERT INTO phpbb_config (config_name, config_value) VALUES ('default_style', '1');
INSERT INTO phpbb_config (config_name, config_value) VALUES ('display_last_edited', '1');
INSERT INTO phpbb_config (config_name, config_value) VALUES ('display_order', '0');
INSERT INTO phpbb_config (config_name, config_value) VALUES ('edit_time', '0');
INSERT INTO phpbb_config (config_name, config_value) VALUES ('delete_time', '0');
INSERT INTO phpbb_config (config_name, config_value) VALUES ('email_check_mx', '1');
INSERT INTO phpbb_config (config_name, config_value) VALUES ('email_enable', '1');
INSERT INTO phpbb_config (config_name, config_value) VALUES ('email_function_name', 'mail');
INSERT INTO phpbb_config (config_name, config_value) VALUES ('email_max_chunk_size', '50');
INSERT INTO phpbb_config (config_name, config_value) VALUES ('email_package_size', '20');
INSERT INTO phpbb_config (config_name, config_value) VALUES ('enable_confirm', '1');
INSERT INTO phpbb_config (config_name, config_value) VALUES ('enable_pm_icons', '1');
INSERT INTO phpbb_config (config_name, config_value) VALUES ('enable_post_confirm', '1');
INSERT INTO phpbb_config (config_name, config_value) VALUES ('feed_enable', '1');
INSERT INTO phpbb_config (config_name, config_value) VALUES ('feed_http_auth', '0');
INSERT INTO phpbb_config (config_name, config_value) VALUES ('feed_limit_post', '15');
INSERT INTO phpbb_config (config_name, config_value) VALUES ('feed_limit_topic', '10');
INSERT INTO phpbb_config (config_name, config_value) VALUES ('feed_overall_forums', '0');
INSERT INTO phpbb_config (config_name, config_value) VALUES ('feed_overall', '1');
INSERT INTO phpbb_config (config_name, config_value) VALUES ('feed_forum', '1');
INSERT INTO phpbb_config (config_name, config_value) VALUES ('feed_topic', '1');
INSERT INTO phpbb_config (config_name, config_value) VALUES ('feed_topics_new', '1');
INSERT INTO phpbb_config (config_name, config_value) VALUES ('feed_topics_active', '0');
INSERT INTO phpbb_config (config_name, config_value) VALUES ('feed_item_statistics', '1');
INSERT INTO phpbb_config (config_name, config_value) VALUES ('flood_interval', '15');
INSERT INTO phpbb_config (config_name, config_value) VALUES ('force_server_vars', '0');
INSERT INTO phpbb_config (config_name, config_value) VALUES ('form_token_lifetime', '7200');
INSERT INTO phpbb_config (config_name, config_value) VALUES ('form_token_mintime', '0');
INSERT INTO phpbb_config (config_name, config_value) VALUES ('form_token_sid_guests', '1');
INSERT INTO phpbb_config (config_name, config_value) VALUES ('forward_pm', '1');
INSERT INTO phpbb_config (config_name, config_value) VALUES ('forwarded_for_check', '0');
INSERT INTO phpbb_config (config_name, config_value) VALUES ('full_folder_action', '2');
INSERT INTO phpbb_config (config_name, config_value) VALUES ('fulltext_mysql_max_word_len', '254');
INSERT INTO phpbb_config (config_name, config_value) VALUES ('fulltext_mysql_min_word_len', '4');
INSERT INTO phpbb_config (config_name, config_value) VALUES ('fulltext_native_common_thres', '5');
INSERT INTO phpbb_config (config_name, config_value) VALUES ('fulltext_native_load_upd', '1');
INSERT INTO phpbb_config (config_name, config_value) VALUES ('fulltext_native_max_chars', '14');
INSERT INTO phpbb_config (config_name, config_value) VALUES ('fulltext_native_min_chars', '3');
INSERT INTO phpbb_config (config_name, config_value) VALUES ('gzip_compress', '0');
INSERT INTO phpbb_config (config_name, config_value) VALUES ('hot_threshold', '25');
INSERT INTO phpbb_config (config_name, config_value) VALUES ('icons_path', 'images/icons');
INSERT INTO phpbb_config (config_name, config_value) VALUES ('img_create_thumbnail', '0');
INSERT INTO phpbb_config (config_name, config_value) VALUES ('img_display_inlined', '1');
INSERT INTO phpbb_config (config_name, config_value) VALUES ('img_imagick', '');
INSERT INTO phpbb_config (config_name, config_value) VALUES ('img_link_height', '0');
INSERT INTO phpbb_config (config_name, config_value) VALUES ('img_link_width', '0');
INSERT INTO phpbb_config (config_name, config_value) VALUES ('img_max_height', '0');
INSERT INTO phpbb_config (config_name, config_value) VALUES ('img_max_thumb_width', '400');
INSERT INTO phpbb_config (config_name, config_value) VALUES ('img_max_width', '0');
INSERT INTO phpbb_config (config_name, config_value) VALUES ('img_min_thumb_filesize', '12000');
INSERT INTO phpbb_config (config_name, config_value) VALUES ('ip_check', '3');
INSERT INTO phpbb_config (config_name, config_value) VALUES ('ip_login_limit_max', '50');
INSERT INTO phpbb_config (config_name, config_value) VALUES ('ip_login_limit_time', '21600');
INSERT INTO phpbb_config (config_name, config_value) VALUES ('ip_login_limit_use_forwarded', '0');
INSERT INTO phpbb_config (config_name, config_value) VALUES ('jab_enable', '0');
INSERT INTO phpbb_config (config_name, config_value) VALUES ('jab_host', '');
INSERT INTO phpbb_config (config_name, config_value) VALUES ('jab_password', '');
INSERT INTO phpbb_config (config_name, config_value) VALUES ('jab_package_size', '20');
INSERT INTO phpbb_config (config_name, config_value) VALUES ('jab_port', '5222');
INSERT INTO phpbb_config (config_name, config_value) VALUES ('jab_use_ssl', '0');
INSERT INTO phpbb_config (config_name, config_value) VALUES ('jab_username', '');
INSERT INTO phpbb_config (config_name, config_value) VALUES ('ldap_base_dn', '');
INSERT INTO phpbb_config (config_name, config_value) VALUES ('ldap_email', '');
INSERT INTO phpbb_config (config_name, config_value) VALUES ('ldap_password', '');
INSERT INTO phpbb_config (config_name, config_value) VALUES ('ldap_port', '');
INSERT INTO phpbb_config (config_name, config_value) VALUES ('ldap_server', '');
INSERT INTO phpbb_config (config_name, config_value) VALUES ('ldap_uid', '');
INSERT INTO phpbb_config (config_name, config_value) VALUES ('ldap_user', '');
INSERT INTO phpbb_config (config_name, config_value) VALUES ('ldap_user_filter', '');
INSERT INTO phpbb_config (config_name, config_value) VALUES ('limit_load', '0');
INSERT INTO phpbb_config (config_name, config_value) VALUES ('limit_search_load', '0');
INSERT INTO phpbb_config (config_name, config_value) VALUES ('load_anon_lastread', '0');
INSERT INTO phpbb_config (config_name, config_value) VALUES ('load_birthdays', '1');
INSERT INTO phpbb_config (config_name, config_value) VALUES ('load_cpf_memberlist', '0');
INSERT INTO phpbb_config (config_name, config_value) VALUES ('load_cpf_viewprofile', '1');
INSERT INTO phpbb_config (config_name, config_value) VALUES ('load_cpf_viewtopic', '0');
INSERT INTO phpbb_config (config_name, config_value) VALUES ('load_db_lastread', '1');
INSERT INTO phpbb_config (config_name, config_value) VALUES ('load_db_track', '1');
INSERT INTO phpbb_config (config_name, config_value) VALUES ('load_jumpbox', '1');
INSERT INTO phpbb_config (config_name, config_value) VALUES ('load_moderators', '1');
INSERT INTO phpbb_config (config_name, config_value) VALUES ('load_online', '1');
INSERT INTO phpbb_config (config_name, config_value) VALUES ('load_online_guests', '1');
INSERT INTO phpbb_config (config_name, config_value) VALUES ('load_online_time', '5');
INSERT INTO phpbb_config (config_name, config_value) VALUES ('load_onlinetrack', '1');
INSERT INTO phpbb_config (config_name, config_value) VALUES ('load_search', '1');
INSERT INTO phpbb_config (config_name, config_value) VALUES ('load_tplcompile', '0');
INSERT INTO phpbb_config (config_name, config_value) VALUES ('load_unreads_search', '1');
INSERT INTO phpbb_config (config_name, config_value) VALUES ('load_user_activity', '1');
INSERT INTO phpbb_config (config_name, config_value) VALUES ('max_attachments', '3');
INSERT INTO phpbb_config (config_name, config_value) VALUES ('max_attachments_pm', '1');
INSERT INTO phpbb_config (config_name, config_value) VALUES ('max_autologin_time', '0');
INSERT INTO phpbb_config (config_name, config_value) VALUES ('max_filesize', '262144');
INSERT INTO phpbb_config (config_name, config_value) VALUES ('max_filesize_pm', '262144');
INSERT INTO phpbb_config (config_name, config_value) VALUES ('max_login_attempts', '3');
INSERT INTO phpbb_config (config_name, config_value) VALUES ('max_name_chars', '20');
INSERT INTO phpbb_config (config_name, config_value) VALUES ('max_num_search_keywords', '10');
INSERT INTO phpbb_config (config_name, config_value) VALUES ('max_pass_chars', '100');
INSERT INTO phpbb_config (config_name, config_value) VALUES ('max_poll_options', '10');
INSERT INTO phpbb_config (config_name, config_value) VALUES ('max_post_chars', '60000');
INSERT INTO phpbb_config (config_name, config_value) VALUES ('max_post_font_size', '200');
INSERT INTO phpbb_config (config_name, config_value) VALUES ('max_post_img_height', '0');
INSERT INTO phpbb_config (config_name, config_value) VALUES ('max_post_img_width', '0');
INSERT INTO phpbb_config (config_name, config_value) VALUES ('max_post_smilies', '0');
INSERT INTO phpbb_config (config_name, config_value) VALUES ('max_post_urls', '0');
INSERT INTO phpbb_config (config_name, config_value) VALUES ('max_quote_depth', '3');
INSERT INTO phpbb_config (config_name, config_value) VALUES ('max_reg_attempts', '5');
INSERT INTO phpbb_config (config_name, config_value) VALUES ('max_sig_chars', '255');
INSERT INTO phpbb_config (config_name, config_value) VALUES ('max_sig_font_size', '200');
INSERT INTO phpbb_config (config_name, config_value) VALUES ('max_sig_img_height', '0');
INSERT INTO phpbb_config (config_name, config_value) VALUES ('max_sig_img_width', '0');
INSERT INTO phpbb_config (config_name, config_value) VALUES ('max_sig_smilies', '0');
INSERT INTO phpbb_config (config_name, config_value) VALUES ('max_sig_urls', '5');
INSERT INTO phpbb_config (config_name, config_value) VALUES ('min_name_chars', '3');
INSERT INTO phpbb_config (config_name, config_value) VALUES ('min_pass_chars', '6');
INSERT INTO phpbb_config (config_name, config_value) VALUES ('min_post_chars', '1');
INSERT INTO phpbb_config (config_name, config_value) VALUES ('min_search_author_chars', '3');
INSERT INTO phpbb_config (config_name, config_value) VALUES ('mime_triggers', 'body|head|html|img|plaintext|a href|pre|script|table|title');
INSERT INTO phpbb_config (config_name, config_value) VALUES ('new_member_post_limit', '0');
INSERT INTO phpbb_config (config_name, config_value) VALUES ('new_member_group_default', '0');
INSERT INTO phpbb_config (config_name, config_value) VALUES ('override_user_style', '0');
INSERT INTO phpbb_config (config_name, config_value) VALUES ('pass_complex', 'PASS_TYPE_ANY');
INSERT INTO phpbb_config (config_name, config_value) VALUES ('pm_edit_time', '0');
INSERT INTO phpbb_config (config_name, config_value) VALUES ('pm_max_boxes', '4');
INSERT INTO phpbb_config (config_name, config_value) VALUES ('pm_max_msgs', '50');
INSERT INTO phpbb_config (config_name, config_value) VALUES ('pm_max_recipients', '0');
INSERT INTO phpbb_config (config_name, config_value) VALUES ('posts_per_page', '10');
INSERT INTO phpbb_config (config_name, config_value) VALUES ('print_pm', '1');
INSERT INTO phpbb_config (config_name, config_value) VALUES ('queue_interval', '60');
INSERT INTO phpbb_config (config_name, config_value) VALUES ('ranks_path', 'images/ranks');
INSERT INTO phpbb_config (config_name, config_value) VALUES ('require_activation', '0');
INSERT INTO phpbb_config (config_name, config_value) VALUES ('referer_validation', '1');
INSERT INTO phpbb_config (config_name, config_value) VALUES ('script_path', '');
INSERT INTO phpbb_config (config_name, config_value) VALUES ('search_block_size', '250');
INSERT INTO phpbb_config (config_name, config_value) VALUES ('search_gc', '7200');
INSERT INTO phpbb_config (config_name, config_value) VALUES ('search_interval', '0');
INSERT INTO phpbb_config (config_name, config_value) VALUES ('search_anonymous_interval', '0');
INSERT INTO phpbb_config (config_name, config_value) VALUES ('search_type', 'fulltext_native');
INSERT INTO phpbb_config (config_name, config_value) VALUES ('search_store_results', '1800');
INSERT INTO phpbb_config (config_name, config_value) VALUES ('secure_allow_deny', '1');
INSERT INTO phpbb_config (config_name, config_value) VALUES ('secure_allow_empty_referer', '1');
INSERT INTO phpbb_config (config_name, config_value) VALUES ('secure_downloads', '0');
INSERT INTO phpbb_config (config_name, config_value) VALUES ('server_name', '');
INSERT INTO phpbb_config (config_name, config_value) VALUES ('server_port', '');
INSERT INTO phpbb_config (config_name, config_value) VALUES ('server_protocol', '');
INSERT INTO phpbb_config (config_name, config_value) VALUES ('session_gc', '3600');
INSERT INTO phpbb_config (config_name, config_value) VALUES ('session_length', '3600');
INSERT INTO phpbb_config (config_name, config_value) VALUES ('site_desc', '{L_CONFIG_SITE_DESC}');
INSERT INTO phpbb_config (config_name, config_value) VALUES ('sitename', '{L_CONFIG_SITENAME}');
INSERT INTO phpbb_config (config_name, config_value) VALUES ('smilies_path', 'images/smilies');
INSERT INTO phpbb_config (config_name, config_value) VALUES ('smilies_per_page', '50');
INSERT INTO phpbb_config (config_name, config_value) VALUES ('smtp_auth_method', 'PLAIN');
INSERT INTO phpbb_config (config_name, config_value) VALUES ('smtp_delivery', '0');
INSERT INTO phpbb_config (config_name, config_value) VALUES ('smtp_host', '');
INSERT INTO phpbb_config (config_name, config_value) VALUES ('smtp_password', '');
INSERT INTO phpbb_config (config_name, config_value) VALUES ('smtp_port', '25');
INSERT INTO phpbb_config (config_name, config_value) VALUES ('smtp_username', '');
INSERT INTO phpbb_config (config_name, config_value) VALUES ('topics_per_page', '25');
INSERT INTO phpbb_config (config_name, config_value) VALUES ('tpl_allow_php', '0');
INSERT INTO phpbb_config (config_name, config_value) VALUES ('upload_icons_path', 'images/upload_icons');
INSERT INTO phpbb_config (config_name, config_value) VALUES ('upload_path', 'files');
INSERT INTO phpbb_config (config_name, config_value) VALUES ('version', '3.0.14');
INSERT INTO phpbb_config (config_name, config_value) VALUES ('warnings_expire_days', '90');
INSERT INTO phpbb_config (config_name, config_value) VALUES ('warnings_gc', '14400');

INSERT INTO phpbb_config (config_name, config_value, is_dynamic) VALUES ('cache_last_gc', '0', 1);
INSERT INTO phpbb_config (config_name, config_value, is_dynamic) VALUES ('cron_lock', '0', 1);
INSERT INTO phpbb_config (config_name, config_value, is_dynamic) VALUES ('database_last_gc', '0', 1);
INSERT INTO phpbb_config (config_name, config_value, is_dynamic) VALUES ('last_queue_run', '0', 1);
INSERT INTO phpbb_config (config_name, config_value, is_dynamic) VALUES ('newest_user_colour', 'AA0000', 1);
INSERT INTO phpbb_config (config_name, config_value, is_dynamic) VALUES ('newest_user_id', '2', 1);
INSERT INTO phpbb_config (config_name, config_value, is_dynamic) VALUES ('newest_username', '', 1);
INSERT INTO phpbb_config (config_name, config_value, is_dynamic) VALUES ('num_files', '0', 1);
INSERT INTO phpbb_config (config_name, config_value, is_dynamic) VALUES ('num_posts', '1', 1);
INSERT INTO phpbb_config (config_name, config_value, is_dynamic) VALUES ('num_topics', '1', 1);
INSERT INTO phpbb_config (config_name, config_value, is_dynamic) VALUES ('num_users', '1', 1);
INSERT INTO phpbb_config (config_name, config_value, is_dynamic) VALUES ('rand_seed', '0', 1);
INSERT INTO phpbb_config (config_name, config_value, is_dynamic) VALUES ('rand_seed_last_update', '0', 1);
INSERT INTO phpbb_config (config_name, config_value, is_dynamic) VALUES ('record_online_date', '0', 1);
INSERT INTO phpbb_config (config_name, config_value, is_dynamic) VALUES ('record_online_users', '0', 1);
INSERT INTO phpbb_config (config_name, config_value, is_dynamic) VALUES ('search_indexing_state', '', 1);
INSERT INTO phpbb_config (config_name, config_value, is_dynamic) VALUES ('search_last_gc', '0', 1);
INSERT INTO phpbb_config (config_name, config_value, is_dynamic) VALUES ('session_last_gc', '0', 1);
INSERT INTO phpbb_config (config_name, config_value, is_dynamic) VALUES ('upload_dir_size', '0', 1);
INSERT INTO phpbb_config (config_name, config_value, is_dynamic) VALUES ('warnings_last_gc', '0', 1);

# -- Users / Anonymous user
INSERT INTO phpbb_users (user_type, group_id, username, username_clean, user_regdate, user_password, user_email, user_lang, user_style, user_rank, user_colour, user_posts, user_permissions, user_ip, user_birthday, user_lastpage, user_last_confirm_key, user_post_sortby_type, user_post_sortby_dir, user_topic_sortby_type, user_topic_sortby_dir, user_avatar, user_sig, user_sig_bbcode_uid, user_from, user_icq, user_aim, user_yim, user_msnm, user_jabber, user_website, user_occ, user_interests, user_actkey, user_newpasswd, user_allow_massemail) VALUES (2, 1, 'Anonymous', 'anonymous', 0, '', '', 'en', 1, 0, '', 0, '', '', '', '', '', 't', 'a', 't', 'd', '', '', '', '', '', '', '', '', '', '', '', '', '', '', 0);

# -- username: Admin    password: admin (change this or remove it once everything is working!)
INSERT INTO phpbb_users (user_type, group_id, username, username_clean, user_regdate, user_password, user_email, user_lang, user_style, user_rank, user_colour, user_posts, user_permissions, user_ip, user_birthday, user_lastpage, user_last_confirm_key, user_post_sortby_type, user_post_sortby_dir, user_topic_sortby_type, user_topic_sortby_dir, user_avatar, user_sig, user_sig_bbcode_uid, user_from, user_icq, user_aim, user_yim, user_msnm, user_jabber, user_website, user_occ, user_interests, user_actkey, user_newpasswd) VALUES (3, 5, 'Admin', 'admin', 0, '21232f297a57a5a743894a0e4a801fc3', 'admin@yourdomain.com', 'en', 1, 1, 'AA0000', 1, '', '', '', '', '', 't', 'a', 't', 'd', '', '', '', '', '', '', '', '', '', '', '', '', '', '');

# -- Ranks
INSERT INTO phpbb_ranks (rank_title, rank_min, rank_special, rank_image) VALUES ('{L_RANKS_SITE_ADMIN_TITLE}', 0, 1, '');

# -- Demo Topic
INSERT INTO phpbb_topics (topic_title, topic_poster, topic_time, topic_views, topic_replies, topic_replies_real, forum_id, topic_status, topic_type, topic_first_post_id, topic_first_poster_name, topic_first_poster_colour, topic_last_post_id, topic_last_poster_id, topic_last_poster_name, topic_last_poster_colour, topic_last_post_subject, topic_last_post_time, topic_last_view_time, poll_title) VALUES ('{L_TOPICS_TOPIC_TITLE}', 2, 972086460, 0, 0, 0, 17, 0, 0, 1, 'Admin', 'AA0000', 1, 2, 'Admin', 'AA0000', '{L_TOPICS_TOPIC_TITLE}', 972086460, 972086460, '');

# -- Demo Post
INSERT INTO phpbb_posts (topic_id, forum_id, poster_id, icon_id, post_time, post_username, poster_ip, post_subject, post_text, post_checksum, bbcode_uid) VALUES (1, 17, 2, 0, 972086460, '', '127.0.0.1', '{L_TOPICS_TOPIC_TITLE}', '{L_DEFAULT_INSTALL_POST}', '5dd683b17f641daf84c040bfefc58ce9', '');

# -- Admin posted to the demo topic
INSERT INTO phpbb_topics_posted (user_id, topic_id, topic_posted) VALUES (2, 1, 1);

# -- Smilies
INSERT INTO phpbb_smilies (code, smiley_url, emotion, smiley_width, smiley_height, smiley_order) VALUES (':D', 'icon_e_biggrin.gif', '{L_SMILIES_VERY_HAPPY}', 15, 17, 1);
INSERT INTO phpbb_smilies (code, smiley_url, emotion, smiley_width, smiley_height, smiley_order) VALUES (':-D', 'icon_e_biggrin.gif', '{L_SMILIES_VERY_HAPPY}', 15, 17, 2);
INSERT INTO phpbb_smilies (code, smiley_url, emotion, smiley_width, smiley_height, smiley_order) VALUES (':grin:', 'icon_e_biggrin.gif', '{L_SMILIES_VERY_HAPPY}', 15, 17, 3);
INSERT INTO phpbb_smilies (code, smiley_url, emotion, smiley_width, smiley_height, smiley_order) VALUES (':)', 'icon_e_smile.gif', '{L_SMILIES_SMILE}', 15, 17, 4);
INSERT INTO phpbb_smilies (code, smiley_url, emotion, smiley_width, smiley_height, smiley_order) VALUES (':-)', 'icon_e_smile.gif', '{L_SMILIES_SMILE}', 15, 17, 5);
INSERT INTO phpbb_smilies (code, smiley_url, emotion, smiley_width, smiley_height, smiley_order) VALUES (':smile:', 'icon_e_smile.gif', '{L_SMILIES_SMILE}', 15, 17, 6);
INSERT INTO phpbb_smilies (code, smiley_url, emotion, smiley_width, smiley_height, smiley_order) VALUES (';)', 'icon_e_wink.gif', '{L_SMILIES_WINK}', 15, 17, 7);
INSERT INTO phpbb_smilies (code, smiley_url, emotion, smiley_width, smiley_height, smiley_order) VALUES (';-)', 'icon_e_wink.gif', '{L_SMILIES_WINK}', 15, 17, 8);
INSERT INTO phpbb_smilies (code, smiley_url, emotion, smiley_width, smiley_height, smiley_order) VALUES (':wink:', 'icon_e_wink.gif', '{L_SMILIES_WINK}', 15, 17, 9);
INSERT INTO phpbb_smilies (code, smiley_url, emotion, smiley_width, smiley_height, smiley_order) VALUES (':(', 'icon_e_sad.gif', '{L_SMILIES_SAD}', 15, 17, 10);
INSERT INTO phpbb_smilies (code, smiley_url, emotion, smiley_width, smiley_height, smiley_order) VALUES (':-(', 'icon_e_sad.gif', '{L_SMILIES_SAD}', 15, 17, 11);
INSERT INTO phpbb_smilies (code, smiley_url, emotion, smiley_width, smiley_height, smiley_order) VALUES (':sad:', 'icon_e_sad.gif', '{L_SMILIES_SAD}', 15, 17, 12);
INSERT INTO phpbb_smilies (code, smiley_url, emotion, smiley_width, smiley_height, smiley_order) VALUES (':o', 'icon_e_surprised.gif', '{L_SMILIES_SURPRISED}', 15, 17, 13);
INSERT INTO phpbb_smilies (code, smiley_url, emotion, smiley_width, smiley_height, smiley_order) VALUES (':-o', 'icon_e_surprised.gif', '{L_SMILIES_SURPRISED}', 15, 17, 14);
INSERT INTO phpbb_smilies (code, smiley_url, emotion, smiley_width, smiley_height, smiley_order) VALUES (':eek:', 'icon_e_surprised.gif', '{L_SMILIES_SURPRISED}', 15, 17, 15);
INSERT INTO phpbb_smilies (code, smiley_url, emotion, smiley_width, smiley_height, smiley_order) VALUES (':shock:', 'icon_eek.gif', '{L_SMILIES_SHOCKED}', 15, 17, 16);
INSERT INTO phpbb_smilies (code, smiley_url, emotion, smiley_width, smiley_height, smiley_order) VALUES (':?', 'icon_e_confused.gif', '{L_SMILIES_CONFUSED}', 15, 17, 17);
INSERT INTO phpbb_smilies (code, smiley_url, emotion, smiley_width, smiley_height, smiley_order) VALUES (':-?', 'icon_e_confused.gif', '{L_SMILIES_CONFUSED}', 15, 17, 18);
INSERT INTO phpbb_smilies (code, smiley_url, emotion, smiley_width, smiley_height, smiley_order) VALUES (':???:', 'icon_e_confused.gif', '{L_SMILIES_CONFUSED}', 15, 17, 19);
INSERT INTO phpbb_smilies (code, smiley_url, emotion, smiley_width, smiley_height, smiley_order) VALUES ('8-)', 'icon_cool.gif', '{L_SMILIES_COOL}', 15, 17, 20);
INSERT INTO phpbb_smilies (code, smiley_url, emotion, smiley_width, smiley_height, smiley_order) VALUES (':cool:', 'icon_cool.gif', '{L_SMILIES_COOL}', 15, 17, 21);
INSERT INTO phpbb_smilies (code, smiley_url, emotion, smiley_width, smiley_height, smiley_order) VALUES (':lol:', 'icon_lol.gif', '{L_SMILIES_LAUGHING}', 15, 17, 22);
INSERT INTO phpbb_smilies (code, smiley_url, emotion, smiley_width, smiley_height, smiley_order) VALUES (':x', 'icon_mad.gif', '{L_SMILIES_MAD}', 15, 17, 23);
INSERT INTO phpbb_smilies (code, smiley_url, emotion, smiley_width, smiley_height, smiley_order) VALUES (':-x', 'icon_mad.gif', '{L_SMILIES_MAD}', 15, 17, 24);
INSERT INTO phpbb_smilies (code, smiley_url, emotion, smiley_width, smiley_height, smiley_order) VALUES (':mad:', 'icon_mad.gif', '{L_SMILIES_MAD}', 15, 17, 25);
INSERT INTO phpbb_smilies (code, smiley_url, emotion, smiley_width, smiley_height, smiley_order) VALUES (':P', 'icon_razz.gif', '{L_SMILIES_RAZZ}', 15, 17, 26);
INSERT INTO phpbb_smilies (code, smiley_url, emotion, smiley_width, smiley_height, smiley_order) VALUES (':-P', 'icon_razz.gif', '{L_SMILIES_RAZZ}', 15, 17, 27);
INSERT INTO phpbb_smilies (code, smiley_url, emotion, smiley_width, smiley_height, smiley_order) VALUES (':razz:', 'icon_razz.gif', '{L_SMILIES_RAZZ}', 15, 17, 28);
INSERT INTO phpbb_smilies (code, smiley_url, emotion, smiley_width, smiley_height, smiley_order) VALUES (':oops:', 'icon_redface.gif', '{L_SMILIES_EMARRASSED}', 15, 17, 29);
INSERT INTO phpbb_smilies (code, smiley_url, emotion, smiley_width, smiley_height, smiley_order) VALUES (':cry:', 'icon_cry.gif', '{L_SMILIES_CRYING}', 15, 17, 30);
INSERT INTO phpbb_smilies (code, smiley_url, emotion, smiley_width, smiley_height, smiley_order) VALUES (':evil:', 'icon_evil.gif', '{L_SMILIES_EVIL}', 15, 17, 31);
INSERT INTO phpbb_smilies (code, smiley_url, emotion, smiley_width, smiley_height, smiley_order) VALUES (':twisted:', 'icon_twisted.gif', '{L_SMILIES_TWISTED_EVIL}', 15, 17, 32);
INSERT INTO phpbb_smilies (code, smiley_url, emotion, smiley_width, smiley_height, smiley_order) VALUES (':roll:', 'icon_rolleyes.gif', '{L_SMILIES_ROLLING_EYES}', 15, 17, 33);
INSERT INTO phpbb_smilies (code, smiley_url, emotion, smiley_width, smiley_height, smiley_order) VALUES (':!:', 'icon_exclaim.gif', '{L_SMILIES_EXCLAMATION}', 15, 17, 34);
INSERT INTO phpbb_smilies (code, smiley_url, emotion, smiley_width, smiley_height, smiley_order) VALUES (':?:', 'icon_question.gif', '{L_SMILIES_QUESTION}', 15, 17, 35);
INSERT INTO phpbb_smilies (code, smiley_url, emotion, smiley_width, smiley_height, smiley_order) VALUES (':idea:', 'icon_idea.gif', '{L_SMILIES_IDEA}', 15, 17, 36);
INSERT INTO phpbb_smilies (code, smiley_url, emotion, smiley_width, smiley_height, smiley_order) VALUES (':arrow:', 'icon_arrow.gif', '{L_SMILIES_ARROW}', 15, 17, 37);
INSERT INTO phpbb_smilies (code, smiley_url, emotion, smiley_width, smiley_height, smiley_order) VALUES (':|', 'icon_neutral.gif', '{L_SMILIES_NEUTRAL}', 15, 17, 38);
INSERT INTO phpbb_smilies (code, smiley_url, emotion, smiley_width, smiley_height, smiley_order) VALUES (':-|', 'icon_neutral.gif', '{L_SMILIES_NEUTRAL}', 15, 17, 39);
INSERT INTO phpbb_smilies (code, smiley_url, emotion, smiley_width, smiley_height, smiley_order) VALUES (':mrgreen:', 'icon_mrgreen.gif', '{L_SMILIES_MR_GREEN}', 15, 17, 40);
INSERT INTO phpbb_smilies (code, smiley_url, emotion, smiley_width, smiley_height, smiley_order) VALUES (':geek:', 'icon_e_geek.gif', '{L_SMILIES_GEEK}', 17, 17, 41);
INSERT INTO phpbb_smilies (code, smiley_url, emotion, smiley_width, smiley_height, smiley_order) VALUES (':ugeek:', 'icon_e_ugeek.gif', '{L_SMILIES_UBER_GEEK}', 17, 18, 42);

# -- icons
INSERT INTO phpbb_icons (icons_url, icons_width, icons_height, icons_order, display_on_posting) VALUES ('misc/fire.gif', 16, 16, 1, 1);
INSERT INTO phpbb_icons (icons_url, icons_width, icons_height, icons_order, display_on_posting) VALUES ('smile/redface.gif', 16, 16, 9, 1);
INSERT INTO phpbb_icons (icons_url, icons_width, icons_height, icons_order, display_on_posting) VALUES ('smile/mrgreen.gif', 16, 16, 10, 1);
INSERT INTO phpbb_icons (icons_url, icons_width, icons_height, icons_order, display_on_posting) VALUES ('misc/heart.gif', 16, 16, 4, 1);
INSERT INTO phpbb_icons (icons_url, icons_width, icons_height, icons_order, display_on_posting) VALUES ('misc/star.gif', 16, 16, 2, 1);
INSERT INTO phpbb_icons (icons_url, icons_width, icons_height, icons_order, display_on_posting) VALUES ('misc/radioactive.gif', 16, 16, 3, 1);
INSERT INTO phpbb_icons (icons_url, icons_width, icons_height, icons_order, display_on_posting) VALUES ('misc/thinking.gif', 16, 16, 5, 1);
INSERT INTO phpbb_icons (icons_url, icons_width, icons_height, icons_order, display_on_posting) VALUES ('smile/info.gif', 16, 16, 8, 1);
INSERT INTO phpbb_icons (icons_url, icons_width, icons_height, icons_order, display_on_posting) VALUES ('smile/question.gif', 16, 16, 6, 1);
INSERT INTO phpbb_icons (icons_url, icons_width, icons_height, icons_order, display_on_posting) VALUES ('smile/alert.gif', 16, 16, 7, 1);

# -- reasons
INSERT INTO phpbb_reports_reasons (reason_title, reason_description, reason_order) VALUES ('warez', '{L_REPORT_WAREZ}', 1);
INSERT INTO phpbb_reports_reasons (reason_title, reason_description, reason_order) VALUES ('spam', '{L_REPORT_SPAM}', 2);
INSERT INTO phpbb_reports_reasons (reason_title, reason_description, reason_order) VALUES ('off_topic', '{L_REPORT_OFF_TOPIC}', 3);
INSERT INTO phpbb_reports_reasons (reason_title, reason_description, reason_order) VALUES ('other', '{L_REPORT_OTHER}', 4);

TRUNCATE TABLE phpbb_acl_groups ;

INSERT INTO phpbb_acl_groups (`group_id`, `forum_id`, `auth_option_id`, `auth_role_id`, `auth_setting`) VALUES
(20, 18, 0, 51, 0),
(20, 3, 0, 51, 0),
(1, 0, 0, 59, 0),
(5, 0, 0, 4, 0),
(20, 2, 0, 51, 0),
(3, 0, 0, 6, 0),
(4, 0, 0, 65, 0),
(4, 0, 0, 10, 0),
(3, 1, 0, 52, 0),
(6, 1, 0, 52, 0),
(1, 1, 0, 52, 0),
(2, 1, 0, 48, 0),
(1, 20, 0, 17, 0),
(2, 20, 0, 60, 0),
(1, 19, 0, 52, 0),
(2, 19, 0, 48, 0),
(3, 3, 0, 52, 0),
(6, 3, 0, 52, 0),
(3, 4, 0, 52, 0),
(6, 4, 0, 52, 0),
(3, 5, 0, 52, 0),
(6, 5, 0, 52, 0),
(3, 6, 0, 52, 0),
(6, 6, 0, 52, 0),
(3, 7, 0, 52, 0),
(6, 7, 0, 52, 0),
(3, 8, 0, 52, 0),
(6, 8, 0, 52, 0),
(3, 9, 0, 52, 0),
(6, 9, 0, 52, 0),
(3, 10, 0, 52, 0),
(6, 10, 0, 52, 0),
(3, 12, 0, 52, 0),
(6, 12, 0, 52, 0),
(3, 13, 0, 52, 0),
(6, 13, 0, 52, 0),
(3, 14, 0, 52, 0),
(6, 14, 0, 52, 0),
(3, 15, 0, 52, 0),
(6, 15, 0, 52, 0),
(1, 16, 0, 17, 0),
(2, 16, 0, 21, 0),
(3, 16, 0, 17, 0),
(6, 16, 0, 17, 0),
(1, 17, 0, 17, 0),
(2, 17, 0, 21, 0),
(3, 17, 0, 17, 0),
(6, 17, 0, 17, 0),
(3, 18, 0, 52, 0),
(6, 18, 0, 52, 0),
(3, 19, 0, 52, 0),
(6, 19, 0, 52, 0),
(3, 20, 0, 52, 0),
(6, 20, 0, 17, 0),
(20, 1, 0, 51, 0),
(18, 20, 0, 60, 0),
(18, 19, 0, 49, 0),
(18, 21, 0, 16, 0),
(18, 15, 0, 49, 0),
(18, 14, 0, 49, 0),
(18, 13, 0, 49, 0),
(18, 12, 0, 49, 0),
(18, 9, 0, 49, 0),
(18, 8, 0, 49, 0),
(18, 7, 0, 49, 0),
(18, 6, 0, 49, 0),
(18, 5, 0, 49, 0),
(18, 4, 0, 49, 0),
(18, 10, 0, 49, 0),
(18, 18, 0, 49, 0),
(18, 3, 0, 49, 0),
(18, 2, 0, 49, 0),
(18, 1, 0, 49, 0),
(19, 0, 0, 57, 0),
(17, 0, 0, 55, 0),
(16, 0, 0, 54, 0),
(15, 0, 0, 53, 0),
(1, 15, 0, 52, 0),
(2, 15, 0, 48, 0),
(1, 14, 0, 52, 0),
(2, 14, 0, 48, 0),
(20, 23, 0, 69, 0),
(19, 18, 0, 50, 0),
(16, 13, 0, 47, 0),
(1, 13, 0, 52, 0),
(2, 13, 0, 48, 0),
(1, 12, 0, 52, 0),
(2, 12, 0, 48, 0),
(1, 9, 0, 52, 0),
(2, 9, 0, 48, 0),
(1, 8, 0, 52, 0),
(2, 8, 0, 48, 0),
(1, 7, 0, 52, 0),
(2, 7, 0, 48, 0),
(1, 6, 0, 52, 0),
(2, 6, 0, 48, 0),
(1, 5, 0, 52, 0),
(2, 5, 0, 48, 0),
(1, 4, 0, 52, 0),
(2, 4, 0, 48, 0),
(1, 10, 0, 52, 0),
(2, 10, 0, 48, 0),
(1, 18, 0, 52, 0),
(2, 18, 0, 48, 0),
(1, 3, 0, 52, 0),
(2, 3, 0, 48, 0),
(22, 5, 0, 52, 0),
(6, 2, 0, 52, 0),
(3, 2, 0, 52, 0),
(15, 4, 0, 46, 0),
(1, 2, 0, 52, 0),
(22, 3, 0, 52, 0),
(20, 15, 0, 51, 0),
(22, 10, 0, 52, 0),
(22, 4, 0, 52, 0),
(22, 2, 0, 52, 0),
(5, 1, 0, 67, 0),
(22, 6, 0, 52, 0),
(22, 7, 0, 52, 0),
(22, 8, 0, 52, 0),
(22, 9, 0, 52, 0),
(22, 12, 0, 52, 0),
(22, 13, 0, 52, 0),
(20, 13, 0, 51, 0),
(20, 21, 0, 16, 0),
(20, 19, 0, 51, 0),
(20, 20, 0, 17, 0),
(22, 14, 0, 52, 0),
(22, 15, 0, 52, 0),
(20, 12, 0, 51, 0),
(22, 19, 0, 52, 0),
(22, 20, 0, 17, 0),
(6, 0, 0, 59, 0),
(20, 10, 0, 51, 0),
(20, 4, 0, 51, 0),
(20, 5, 0, 51, 0),
(20, 6, 0, 51, 0),
(20, 9, 0, 51, 0),
(20, 8, 0, 51, 0),
(20, 7, 0, 51, 0),
(20, 14, 0, 51, 0),
(22, 1, 0, 52, 0),
(22, 21, 0, 16, 0),
(5, 3, 0, 67, 0),
(5, 4, 0, 67, 0),
(5, 5, 0, 67, 0),
(5, 6, 0, 67, 0),
(5, 7, 0, 67, 0),
(5, 8, 0, 67, 0),
(5, 9, 0, 67, 0),
(5, 10, 0, 67, 0),
(5, 12, 0, 67, 0),
(5, 13, 0, 67, 0),
(5, 14, 0, 67, 0),
(5, 15, 0, 67, 0),
(5, 18, 0, 67, 0),
(5, 19, 0, 67, 0),
(6, 21, 0, 16, 0),
(5, 20, 0, 67, 0),
(5, 21, 0, 67, 0),
(4, 1, 0, 64, 0),
(4, 2, 0, 64, 0),
(4, 3, 0, 64, 0),
(4, 4, 0, 64, 0),
(4, 5, 0, 64, 0),
(4, 6, 0, 64, 0),
(4, 7, 0, 64, 0),
(4, 8, 0, 64, 0),
(4, 9, 0, 64, 0),
(4, 10, 0, 64, 0),
(4, 12, 0, 64, 0),
(4, 13, 0, 64, 0),
(5, 0, 0, 66, 0),
(4, 14, 0, 64, 0),
(17, 23, 0, 69, 0),
(17, 24, 0, 69, 0),
(19, 23, 0, 69, 0),
(19, 24, 0, 69, 0),
(15, 23, 0, 69, 0),
(15, 24, 0, 69, 0),
(16, 23, 0, 69, 0),
(16, 24, 0, 69, 0),
(21, 23, 1, 0, 1),
(21, 24, 1, 0, 1),
(4, 23, 0, 69, 0),
(4, 24, 0, 69, 0),
(5, 23, 0, 67, 0),
(5, 24, 0, 67, 0),
(18, 23, 0, 69, 0),
(18, 24, 0, 69, 0),
(4, 15, 0, 64, 0),
(4, 18, 0, 64, 0),
(19, 3, 0, 50, 0),
(19, 2, 0, 50, 0),
(19, 1, 0, 50, 0),
(17, 20, 0, 60, 0),
(17, 19, 0, 48, 0),
(17, 21, 0, 16, 0),
(17, 15, 0, 48, 0),
(17, 14, 0, 48, 0),
(17, 13, 0, 48, 0),
(17, 12, 0, 48, 0),
(17, 9, 0, 48, 0),
(17, 8, 0, 48, 0),
(17, 7, 0, 48, 0),
(17, 6, 0, 48, 0),
(17, 5, 0, 48, 0),
(17, 4, 0, 48, 0),
(17, 10, 0, 48, 0),
(17, 18, 0, 48, 0),
(17, 3, 0, 48, 0),
(17, 2, 0, 48, 0),
(17, 1, 0, 48, 0),
(16, 20, 0, 60, 0),
(16, 19, 0, 47, 0),
(16, 21, 0, 16, 0),
(16, 15, 0, 47, 0),
(16, 14, 0, 47, 0),
(4, 19, 0, 64, 0),
(16, 12, 0, 47, 0),
(16, 9, 0, 47, 0),
(16, 8, 0, 47, 0),
(16, 7, 0, 47, 0),
(16, 6, 0, 47, 0),
(16, 5, 0, 47, 0),
(16, 4, 0, 47, 0),
(16, 10, 0, 47, 0),
(16, 18, 0, 47, 0),
(16, 3, 0, 47, 0),
(16, 2, 0, 47, 0),
(16, 1, 0, 47, 0),
(15, 20, 0, 60, 0),
(15, 19, 0, 46, 0),
(15, 21, 0, 16, 0),
(15, 15, 0, 46, 0),
(15, 14, 0, 46, 0),
(15, 13, 0, 46, 0),
(15, 12, 0, 46, 0),
(15, 9, 0, 46, 0),
(15, 8, 0, 46, 0),
(15, 7, 0, 46, 0),
(15, 6, 0, 46, 0),
(15, 5, 0, 46, 0),
(1, 21, 0, 16, 0),
(4, 20, 0, 64, 0),
(20, 24, 0, 69, 0),
(23, 23, 0, 69, 0),
(23, 24, 0, 69, 0),
(6, 24, 0, 16, 0),
(2, 24, 0, 69, 0),
(1, 24, 0, 16, 0),
(6, 23, 0, 16, 0),
(2, 23, 0, 69, 0),
(1, 23, 0, 16, 0),
(19, 20, 0, 60, 0),
(19, 19, 0, 50, 0),
(19, 21, 0, 16, 0),
(19, 15, 0, 50, 0),
(19, 14, 0, 50, 0),
(19, 13, 0, 50, 0),
(19, 12, 0, 50, 0),
(19, 9, 0, 50, 0),
(19, 8, 0, 50, 0),
(19, 7, 0, 50, 0),
(19, 6, 0, 50, 0),
(19, 5, 0, 50, 0),
(19, 4, 0, 50, 0),
(19, 10, 0, 50, 0),
(4, 21, 0, 64, 0),
(5, 2, 0, 67, 0),
(21, 0, 0, 63, 0),
(2, 0, 0, 55, 0),
(15, 10, 0, 46, 0),
(15, 18, 0, 46, 0),
(15, 3, 0, 46, 0),
(15, 2, 0, 46, 0),
(15, 1, 0, 46, 0),
(21, 21, 0, 62, 0),
(2, 21, 0, 16, 0),
(2, 2, 0, 48, 0),
(22, 18, 0, 52, 0),
(18, 0, 0, 56, 0),
(20, 0, 0, 58, 0),
(22, 0, 0, 59, 0),
(23, 0, 0, 68, 0),
(15, 26, 0, 46, 0),
(16, 26, 0, 47, 0),
(17, 26, 0, 48, 0),
(19, 26, 0, 50, 0),
(4, 26, 0, 64, 0),
(22, 26, 0, 52, 0),
(5, 26, 0, 67, 0),
(18, 26, 0, 49, 0),
(20, 26, 0, 51, 0),
(2, 26, 0, 48, 0),
(1, 26, 0, 52, 0),
(6, 26, 0, 52, 0),
(3, 26, 0, 52, 0),
(3, 27, 0, 52, 0),
(6, 27, 0, 52, 0),
(1, 27, 0, 52, 0),
(2, 27, 0, 48, 0),
(20, 27, 0, 51, 0),
(18, 27, 0, 49, 0),
(5, 27, 0, 67, 0),
(22, 27, 0, 52, 0),
(4, 27, 0, 64, 0),
(19, 27, 0, 50, 0),
(17, 27, 0, 48, 0),
(16, 27, 0, 47, 0),
(15, 27, 0, 46, 0),
(22, 24, 0, 16, 0),
(22, 23, 0, 16, 0),
(21, 24, 140, 0, 1),
(21, 24, 138, 0, 1),
(21, 24, 159, 0, 1),
(21, 24, 144, 0, 1),
(21, 24, 20, 0, 1),
(21, 24, 14, 0, 1),
(21, 23, 140, 0, 1),
(21, 23, 138, 0, 1),
(21, 23, 159, 0, 1),
(21, 23, 144, 0, 1),
(21, 23, 20, 0, 1),
(21, 23, 14, 0, 1),
(5, 2, 0, 10, 0),
(4, 1, 0, 10, 0),
(4, 2, 0, 10, 0),
(4, 3, 0, 10, 0),
(4, 18, 0, 10, 0),
(4, 10, 0, 10, 0),
(4, 4, 0, 10, 0),
(4, 5, 0, 10, 0),
(4, 6, 0, 10, 0),
(4, 7, 0, 10, 0),
(4, 8, 0, 10, 0),
(4, 9, 0, 10, 0),
(4, 12, 0, 10, 0),
(4, 13, 0, 10, 0),
(4, 14, 0, 10, 0),
(4, 15, 0, 10, 0),
(4, 27, 0, 10, 0),
(4, 26, 0, 10, 0),
(4, 21, 0, 10, 0),
(4, 19, 0, 10, 0),
(4, 20, 0, 10, 0),
(5, 1, 0, 10, 0),
(5, 3, 0, 10, 0),
(5, 18, 0, 10, 0),
(5, 10, 0, 10, 0),
(5, 4, 0, 10, 0),
(5, 5, 0, 10, 0),
(5, 6, 0, 10, 0),
(5, 7, 0, 10, 0),
(5, 8, 0, 10, 0),
(5, 9, 0, 10, 0),
(5, 12, 0, 10, 0),
(5, 13, 0, 10, 0),
(5, 14, 0, 10, 0),
(5, 15, 0, 10, 0),
(5, 27, 0, 10, 0),
(5, 26, 0, 10, 0),
(5, 21, 0, 10, 0),
(5, 19, 0, 10, 0),
(5, 20, 0, 10, 0),
(24, 1, 0, 11, 0),
(24, 2, 0, 11, 0),
(24, 3, 0, 11, 0),
(24, 18, 0, 11, 0),
(24, 10, 0, 11, 0),
(24, 4, 0, 11, 0),
(24, 5, 0, 11, 0),
(24, 6, 0, 11, 0),
(24, 7, 0, 11, 0),
(24, 8, 0, 11, 0),
(24, 9, 0, 11, 0),
(24, 12, 0, 11, 0),
(24, 13, 0, 11, 0),
(24, 14, 0, 11, 0),
(24, 15, 0, 11, 0),
(24, 27, 0, 11, 0),
(24, 26, 0, 11, 0),
(24, 21, 0, 11, 0),
(24, 19, 0, 11, 0),
(24, 20, 0, 11, 0),
(25, 1, 0, 12, 0),
(25, 2, 0, 12, 0),
(25, 3, 0, 12, 0),
(25, 18, 0, 12, 0),
(25, 10, 0, 12, 0),
(25, 4, 0, 12, 0),
(25, 5, 0, 12, 0),
(25, 6, 0, 12, 0),
(25, 7, 0, 12, 0),
(25, 8, 0, 12, 0),
(25, 9, 0, 12, 0),
(25, 12, 0, 12, 0),
(25, 13, 0, 12, 0),
(25, 14, 0, 12, 0),
(25, 15, 0, 12, 0),
(25, 27, 0, 12, 0),
(25, 26, 0, 12, 0),
(25, 21, 0, 12, 0),
(25, 19, 0, 12, 0),
(25, 20, 0, 12, 0),
(5, 0, 0, 10, 0),
(25, 0, 0, 72, 0),
(24, 0, 0, 70, 0),
(25, 1, 0, 73, 0),
(25, 2, 0, 73, 0),
(25, 3, 0, 73, 0),
(25, 18, 0, 73, 0),
(25, 10, 0, 73, 0),
(25, 4, 0, 73, 0),
(25, 5, 0, 73, 0),
(25, 6, 0, 73, 0),
(25, 7, 0, 73, 0),
(25, 8, 0, 73, 0),
(25, 9, 0, 73, 0),
(25, 12, 0, 73, 0),
(25, 13, 0, 73, 0),
(25, 14, 0, 73, 0),
(25, 15, 0, 73, 0),
(25, 27, 0, 73, 0),
(25, 26, 0, 73, 0),
(25, 21, 0, 73, 0),
(25, 19, 0, 73, 0),
(25, 20, 0, 73, 0),
(24, 1, 0, 71, 0),
(24, 2, 0, 71, 0),
(24, 3, 0, 71, 0),
(24, 18, 0, 71, 0),
(24, 10, 0, 71, 0),
(24, 4, 0, 71, 0),
(24, 5, 0, 71, 0),
(24, 6, 0, 71, 0),
(24, 7, 0, 71, 0),
(24, 8, 0, 71, 0),
(24, 9, 0, 71, 0),
(24, 12, 0, 71, 0),
(24, 13, 0, 71, 0),
(24, 14, 0, 71, 0),
(24, 15, 0, 71, 0),
(24, 27, 0, 71, 0),
(24, 26, 0, 71, 0),
(24, 21, 0, 71, 0),
(24, 19, 0, 71, 0),
(24, 20, 0, 71, 0),
(3, 21, 0, 16, 0),
(25, 24, 0, 69, 0),
(25, 23, 0, 69, 0),
(24, 24, 0, 69, 0),
(24, 23, 0, 69, 0),
(5, 16, 0, 14, 0),
(5, 17, 0, 14, 0),
(26, 0, 0, 74, 0),
(26, 1, 0, 75, 0),
(26, 2, 0, 75, 0),
(26, 3, 0, 75, 0),
(26, 4, 0, 75, 0),
(26, 5, 0, 75, 0),
(26, 6, 0, 75, 0),
(26, 7, 0, 75, 0),
(26, 8, 0, 75, 0),
(26, 9, 0, 75, 0),
(26, 12, 0, 75, 0),
(26, 13, 0, 75, 0),
(26, 10, 0, 75, 0),
(26, 14, 0, 75, 0),
(26, 15, 0, 75, 0),
(26, 16, 0, 75, 0),
(26, 17, 0, 75, 0),
(26, 19, 0, 75, 0),
(26, 20, 0, 75, 0),
(26, 18, 0, 75, 0),
(26, 21, 0, 75, 0),
(26, 23, 0, 75, 0),
(26, 24, 0, 75, 0),
(26, 26, 0, 75, 0),
(26, 27, 0, 75, 0);

TRUNCATE TABLE phpbb_acl_options ;

INSERT INTO phpbb_acl_options (`auth_option_id`, `auth_option`, `is_global`, `is_local`, `founder_only`) VALUES
(1, 'f_', 0, 1, 0),
(2, 'f_announce', 0, 1, 0),
(3, 'f_attach', 0, 1, 0),
(4, 'f_bbcode', 0, 1, 0),
(5, 'f_bump', 0, 1, 0),
(6, 'f_delete', 0, 1, 0),
(7, 'f_download', 0, 1, 0),
(8, 'f_edit', 0, 1, 0),
(9, 'f_email', 0, 1, 0),
(10, 'f_flash', 0, 1, 0),
(11, 'f_icons', 0, 1, 0),
(12, 'f_ignoreflood', 0, 1, 0),
(13, 'f_img', 0, 1, 0),
(14, 'f_list', 0, 1, 0),
(15, 'f_noapprove', 0, 1, 0),
(16, 'f_poll', 0, 1, 0),
(17, 'f_post', 0, 1, 0),
(18, 'f_postcount', 0, 1, 0),
(19, 'f_print', 0, 1, 0),
(20, 'f_read', 0, 1, 0),
(21, 'f_reply', 0, 1, 0),
(22, 'f_report', 0, 1, 0),
(23, 'f_search', 0, 1, 0),
(24, 'f_sigs', 0, 1, 0),
(25, 'f_smilies', 0, 1, 0),
(26, 'f_sticky', 0, 1, 0),
(27, 'f_subscribe', 0, 1, 0),
(28, 'f_user_lock', 0, 1, 0),
(29, 'f_vote', 0, 1, 0),
(30, 'f_votechg', 0, 1, 0),
(31, 'm_', 1, 1, 0),
(32, 'm_approve', 1, 1, 0),
(33, 'm_chgposter', 1, 1, 0),
(34, 'm_delete', 1, 1, 0),
(35, 'm_edit', 1, 1, 0),
(36, 'm_info', 1, 1, 0),
(37, 'm_lock', 1, 1, 0),
(38, 'm_merge', 1, 1, 0),
(39, 'm_move', 1, 1, 0),
(40, 'm_report', 1, 1, 0),
(41, 'm_split', 1, 1, 0),
(42, 'm_ban', 1, 0, 0),
(43, 'm_warn', 1, 0, 0),
(44, 'a_', 1, 0, 0),
(45, 'a_aauth', 1, 0, 0),
(46, 'a_attach', 1, 0, 0),
(47, 'a_authgroups', 1, 0, 0),
(48, 'a_authusers', 1, 0, 0),
(49, 'a_backup', 1, 0, 0),
(50, 'a_ban', 1, 0, 0),
(51, 'a_bbcode', 1, 0, 0),
(52, 'a_board', 1, 0, 0),
(53, 'a_bots', 1, 0, 0),
(54, 'a_clearlogs', 1, 0, 0),
(55, 'a_email', 1, 0, 0),
(56, 'a_fauth', 1, 0, 0),
(57, 'a_forum', 1, 0, 0),
(58, 'a_forumadd', 1, 0, 0),
(59, 'a_forumdel', 1, 0, 0),
(60, 'a_group', 1, 0, 0),
(61, 'a_groupadd', 1, 0, 0),
(62, 'a_groupdel', 1, 0, 0),
(63, 'a_icons', 1, 0, 0),
(64, 'a_jabber', 1, 0, 0),
(65, 'a_language', 1, 0, 0),
(66, 'a_mauth', 1, 0, 0),
(67, 'a_modules', 1, 0, 0),
(68, 'a_names', 1, 0, 0),
(69, 'a_phpinfo', 1, 0, 0),
(70, 'a_profile', 1, 0, 0),
(71, 'a_prune', 1, 0, 0),
(72, 'a_ranks', 1, 0, 0),
(73, 'a_reasons', 1, 0, 0),
(74, 'a_roles', 1, 0, 0),
(75, 'a_search', 1, 0, 0),
(76, 'a_server', 1, 0, 0),
(77, 'a_styles', 1, 0, 0),
(78, 'a_switchperm', 1, 0, 0),
(79, 'a_uauth', 1, 0, 0),
(80, 'a_user', 1, 0, 0),
(81, 'a_userdel', 1, 0, 0),
(82, 'a_viewauth', 1, 0, 0),
(83, 'a_viewlogs', 1, 0, 0),
(84, 'a_words', 1, 0, 0),
(85, 'u_', 1, 0, 0),
(86, 'u_attach', 1, 0, 0),
(87, 'u_chgavatar', 1, 0, 0),
(88, 'u_chgcensors', 1, 0, 0),
(89, 'u_chgemail', 1, 0, 0),
(90, 'u_chggrp', 1, 0, 0),
(91, 'u_chgname', 1, 0, 0),
(92, 'u_chgpasswd', 1, 0, 0),
(93, 'u_download', 1, 0, 0),
(94, 'u_hideonline', 1, 0, 0),
(95, 'u_ignoreflood', 1, 0, 0),
(96, 'u_masspm', 1, 0, 0),
(97, 'u_pm_attach', 1, 0, 0),
(98, 'u_pm_bbcode', 1, 0, 0),
(99, 'u_pm_delete', 1, 0, 0),
(100, 'u_pm_download', 1, 0, 0),
(101, 'u_pm_edit', 1, 0, 0),
(102, 'u_pm_emailpm', 1, 0, 0),
(103, 'u_pm_flash', 1, 0, 0),
(104, 'u_pm_forward', 1, 0, 0),
(105, 'u_pm_img', 1, 0, 0),
(106, 'u_pm_printpm', 1, 0, 0),
(107, 'u_pm_smilies', 1, 0, 0),
(108, 'u_readpm', 1, 0, 0),
(109, 'u_savedrafts', 1, 0, 0),
(110, 'u_search', 1, 0, 0),
(111, 'u_sendemail', 1, 0, 0),
(112, 'u_sendim', 1, 0, 0),
(113, 'u_sendpm', 1, 0, 0),
(114, 'u_sig', 1, 0, 0),
(115, 'u_viewonline', 1, 0, 0),
(116, 'u_viewprofile', 1, 0, 0),
(117, 'f_attachfonly', 0, 1, 0),
(118, 'u_attachfonly', 1, 0, 0),
(186, 'u_canviewtopdowntorrents', 1, 0, 0),
(121, 'u_attach50down', 1, 0, 0),
(122, 'u_attach100down', 1, 0, 0),
(123, 'u_canfreetorrents', 1, 0, 0),
(124, 'u_canusebonus', 1, 0, 0),
(125, 'f_attach50down', 0, 1, 0),
(126, 'f_attach100down', 0, 1, 0),
(127, 'f_canfreetorrents', 0, 1, 0),
(128, 'f_canusebonus', 0, 1, 0),
(129, 'f_canusefree', 0, 1, 0),
(130, 'u_canusefree', 1, 0, 0),
(131, 'u_canusethanks', 1, 0, 0),
(132, 'f_canusethanks', 0, 1, 0),
(133, 'f_canusetracker', 0, 1, 0),
(134, 'u_canusetracker', 1, 0, 0),
(135, 'u_canskiprcheck', 1, 0, 0),
(136, 'f_canskiprcheck', 0, 1, 0),
(137, 'u_canviewchatm', 1, 0, 0),
(138, 'f_canviewchatm', 0, 1, 0),
(139, 'u_canviewchatu', 1, 0, 0),
(140, 'f_canviewchatu', 0, 1, 0),
(141, 'u_candelchatm', 1, 0, 0),
(142, 'f_candelchatm', 0, 1, 0),
(143, 'u_canaddchatm', 1, 0, 0),
(144, 'f_canaddchatm', 0, 1, 0),
(145, 'f_canskipchatktime', 0, 1, 0),
(146, 'u_canskipchatktime', 1, 0, 0),
(153, 'f_canskipdisbutton', 0, 1, 0),
(154, 'u_canskipdisbutton', 1, 0, 0),
(156, 'u_canskipmaxseed', 1, 0, 0),
(158, 'u_canskipmaxleech', 1, 0, 0),
(159, 'f_canusesmilies', 0, 1, 0),
(160, 'u_canusesmilies', 1, 0, 0),
(163, 'f_canskipreqratio', 0, 1, 0),
(164, 'u_canskipreqratio', 1, 0, 0),
(165, 'f_canskiprequpload', 0, 1, 0),
(166, 'u_canskiprequpload', 1, 0, 0),
(167, 'f_cansetrequpratio', 0, 1, 0),
(168, 'u_cansetrequpratio', 1, 0, 0),
(169, 'u_masspm_group', 1, 0, 0),
(170, 'f_candowntorr', 0, 1, 0),
(171, 'u_candowntorr', 1, 0, 0),
(172, 'f_candownpostscr', 0, 1, 0),
(173, 'u_candownpostscr', 1, 0, 0),
(174, 'u_cansearchtr', 1, 0, 0),
(175, 'u_cansetforb', 1, 0, 0),
(176, 'f_cansetforb', 0, 1, 0),
(181, 'u_canskipiprestr', 1, 0, 0),
(182, 'u_canskiptcheck', 1, 0, 0),
(183, 'f_canskiptcheck', 0, 1, 0),
(191, 'u_view_portal', 1, 0, 0),
(185, 'u_canviewtrtop', 1, 0, 0),
(187, 'u_candelchatm2', 1, 0, 0),
(188, 'f_candelchatm2', 0, 1, 0),
(189, 'a_ppktracker', 1, 0, 0),
(190, 'a_ppkchat', 1, 0, 0),
(192, 'a_manage_portal', 1, 0, 0),
(193, 'u_canusefpep', 1, 0, 0),
(194, 'f_canusefpep', 0, 1, 0),
(195, 'u_similar_topics', 1, 0, 0),
(196, 'u_canviewarchive', 1, 0, 0),
(197, 'f_canviewarchive', 0, 1, 0),
(198, 'u_canviewvtstats', 1, 0, 0),
(199, 'f_canviewvtstats', 0, 1, 0),
(200, 'u_canviewmuastatr', 1, 0, 0),
(201, 'u_canviewmuastatorr', 1, 0, 0),
(202, 'f_caneditchatm2', 0, 1, 0),
(203, 'u_caneditchatm2', 1, 0, 0),
(204, 'f_caneditchatm', 0, 1, 0),
(205, 'u_caneditchatm', 1, 0, 0),
(206, 'u_canhiddeninchat', 1, 0, 0),
(207, 'f_canhiddeninchat', 0, 1, 0),
(208, 'u_canviewhiddinchat', 1, 0, 0),
(209, 'f_canviewhiddinchat', 0, 1, 0),
(210, 'u_cansendchatpm', 1, 0, 0),
(211, 'f_cansendchatpm', 0, 1, 0),
(212, 'u_canusebbcodes', 1, 0, 0),
(213, 'f_canusebbcodes', 0, 1, 0),
(214, 'u_canuseacommands', 1, 0, 0),
(215, 'f_canuseacommands', 0, 1, 0),
(216, 'f_topic_desc', 0, 1, 0),
(217, 'a_errors', 1, 0, 0);

TRUNCATE TABLE phpbb_acl_roles ;

INSERT INTO phpbb_acl_roles (`role_id`, `role_name`, `role_description`, `role_type`, `role_order`) VALUES
(1, 'ROLE_ADMIN_STANDARD', 'ROLE_DESCRIPTION_ADMIN_STANDARD', 'a_', 1),
(2, 'ROLE_ADMIN_FORUM', 'ROLE_DESCRIPTION_ADMIN_FORUM', 'a_', 3),
(3, 'ROLE_ADMIN_USERGROUP', 'ROLE_DESCRIPTION_ADMIN_USERGROUP', 'a_', 4),
(4, 'ROLE_ADMIN_FULL', 'ROLE_DESCRIPTION_ADMIN_FULL', 'a_', 2),
(5, 'ROLE_USER_FULL', 'ROLE_DESCRIPTION_USER_FULL', 'u_', 3),
(6, 'ROLE_USER_STANDARD', 'ROLE_DESCRIPTION_USER_STANDARD', 'u_', 1),
(7, 'ROLE_USER_LIMITED', 'ROLE_DESCRIPTION_USER_LIMITED', 'u_', 2),
(8, 'ROLE_USER_NOPM', 'ROLE_DESCRIPTION_USER_NOPM', 'u_', 4),
(9, 'ROLE_USER_NOAVATAR', 'ROLE_DESCRIPTION_USER_NOAVATAR', 'u_', 5),
(10, 'ROLE_MOD_FULL', 'ROLE_DESCRIPTION_MOD_FULL', 'm_', 3),
(11, 'ROLE_MOD_STANDARD', 'ROLE_DESCRIPTION_MOD_STANDARD', 'm_', 1),
(12, 'ROLE_MOD_SIMPLE', 'ROLE_DESCRIPTION_MOD_SIMPLE', 'm_', 2),
(13, 'ROLE_MOD_QUEUE', 'ROLE_DESCRIPTION_MOD_QUEUE', 'm_', 4),
(14, 'ROLE_FORUM_FULL', 'ROLE_DESCRIPTION_FORUM_FULL', 'f_', 7),
(15, 'ROLE_FORUM_STANDARD', 'ROLE_DESCRIPTION_FORUM_STANDARD', 'f_', 5),
(16, 'ROLE_FORUM_NOACCESS', 'ROLE_DESCRIPTION_FORUM_NOACCESS', 'f_', 1),
(17, 'ROLE_FORUM_READONLY', 'ROLE_DESCRIPTION_FORUM_READONLY', 'f_', 2),
(18, 'ROLE_FORUM_LIMITED', 'ROLE_DESCRIPTION_FORUM_LIMITED', 'f_', 3),
(19, 'ROLE_FORUM_BOT', 'ROLE_DESCRIPTION_FORUM_BOT', 'f_', 9),
(20, 'ROLE_FORUM_ONQUEUE', 'ROLE_DESCRIPTION_FORUM_ONQUEUE', 'f_', 8),
(21, 'ROLE_FORUM_POLLS', 'ROLE_DESCRIPTION_FORUM_POLLS', 'f_', 6),
(22, 'ROLE_FORUM_LIMITED_POLLS', 'ROLE_DESCRIPTION_FORUM_LIMITED_POLLS', 'f_', 4),
(46, 'ROLE_TRACKER_VIPUPLOADER', 'ROLE_TRACKER_VIPUPLOADER_DESCR', 'f_', 10),
(47, 'ROLE_TRACKER_SUPERUPLOADER', 'ROLE_TRACKER_SUPERUPLOADER_DESCR', 'f_', 11),
(48, 'ROLE_TRACKER_EXPUPLOADER', 'ROLE_TRACKER_EXPUPLOADER_DESCR', 'f_', 12),
(49, 'ROLE_TRACKER_UPLOADER', 'ROLE_TRACKER_UPLOADER_DESCR', 'f_', 13),
(50, 'ROLE_TRACKER_EXPLEECHER', 'ROLE_TRACKER_EXPLEECHER_DESCR', 'f_', 14),
(51, 'ROLE_TRACKER_LEECHER', 'ROLE_TRACKER_LEECHER_DESCR', 'f_', 15),
(52, 'ROLE_TRACKER_TRACKERUSER', 'ROLE_TRACKER_TRACKERUSER_DESCR', 'f_', 16),
(53, 'ROLE_TRACKER_VIPUPLOADER', 'ROLE_TRACKER_VIPUPLOADER_DESCR', 'u_', 6),
(54, 'ROLE_TRACKER_SUPERUPLOADER', 'ROLE_TRACKER_SUPERUPLOADER_DESCR', 'u_', 7),
(55, 'ROLE_TRACKER_EXPUPLOADER', 'ROLE_TRACKER_EXPUPLOADER_DESCR', 'u_', 8),
(56, 'ROLE_TRACKER_UPLOADER', 'ROLE_TRACKER_UPLOADER_DESCR', 'u_', 9),
(57, 'ROLE_TRACKER_EXPLEECHER', 'ROLE_TRACKER_EXPLEECHER_DESCR', 'u_', 10),
(58, 'ROLE_TRACKER_LEECHER', 'ROLE_TRACKER_LEECHER_DESCR', 'u_', 11),
(59, 'ROLE_TRACKER_TRACKERUSER', 'ROLE_TRACKER_TRACKERUSER_DESCR', 'u_', 12),
(60, 'ROLE_TRACKER_BLOCKUSER', 'ROLE_TRACKER_BLOCKUSER_DESCR', 'f_', 17),
(61, 'ROLE_TRACKER_BLOCKUSER', 'ROLE_TRACKER_BLOCKUSER_DESCR', 'u_', 13),
(62, 'ROLE_TRACKER_PRIVUSER', 'ROLE_TRACKER_PRIVUSER_DESCR', 'f_', 18),
(63, 'ROLE_TRACKER_PRIVUSER', 'ROLE_TRACKER_PRIVUSER_DESCR', 'u_', 14),
(64, 'ROLE_TRACKER_SUPERMODERATOR', 'ROLE_TRACKER_SUPERMODERATOR_DESCR', 'f_', 21),
(65, 'ROLE_TRACKER_SUPERMODERATOR', 'ROLE_TRACKER_SUPERMODERATOR_DESCR', 'u_', 17),
(66, 'ROLE_TRACKER_ADMINISTRATOR', 'ROLE_TRACKER_ADMINISTRATOR_DESCR', 'u_', 18),
(67, 'ROLE_TRACKER_ADMINISTRATOR', 'ROLE_TRACKER_ADMINISTRATOR_DESCR', 'f_', 22),
(68, 'ROLE_CHAT_USER', 'ROLE_CHAT_USER_DESCR', 'u_', 19),
(69, 'ROLE_CHAT_USER', 'ROLE_CHAT_USER_DESCR', 'f_', 23),
(70, 'ROLE_TRACKER_MODERATOR', 'ROLE_TRACKER_MODERATOR_DESCR', 'u_', 16),
(71, 'ROLE_TRACKER_MODERATOR', 'ROLE_TRACKER_MODERATOR_DESCR', 'f_', 20),
(72, 'ROLE_TRACKER_JRMODERATOR', 'ROLE_TRACKER_JRMODERATOR_DESCR', 'u_', 15),
(73, 'ROLE_TRACKER_JRMODERATOR', 'ROLE_TRACKER_JRMODERATOR_DESCR', 'f_', 19),
(74, 'ROLE_USER_NEW_MEMBER', 'ROLE_DESCRIPTION_USER_NEW_MEMBER', 'u_', 20),
(75, 'ROLE_FORUM_NEW_MEMBER', 'ROLE_DESCRIPTION_FORUM_NEW_MEMBER', 'f_', 24),
(76, 'ROLE_TRACKER_TRACKERGUEST', 'ROLE_TRACKER_TRACKERGUEST_DESCR', 'f_', 25),
(77, 'ROLE_TRACKER_TRACKERGUEST', 'ROLE_TRACKER_TRACKERGUEST_DESCR', 'u_', 21),
(78, 'ROLE_CHAT_GUEST', 'ROLE_CHAT_GUEST_DESCR', 'f_', 26),
(79, 'ROLE_CHAT_GUEST', 'ROLE_CHAT_GUEST_DESCR', 'u_', 22);

TRUNCATE TABLE phpbb_acl_roles_data ;

INSERT INTO phpbb_acl_roles_data (`role_id`, `auth_option_id`, `auth_setting`) VALUES
(1, 44, 1),
(1, 46, 1),
(1, 47, 1),
(1, 48, 1),
(1, 50, 1),
(1, 51, 1),
(1, 52, 1),
(1, 56, 1),
(1, 57, 1),
(1, 58, 1),
(1, 59, 1),
(1, 60, 1),
(1, 61, 1),
(1, 62, 1),
(1, 63, 1),
(1, 66, 1),
(1, 68, 1),
(1, 70, 1),
(1, 71, 1),
(1, 72, 1),
(1, 73, 1),
(1, 79, 1),
(1, 80, 1),
(1, 81, 1),
(1, 82, 1),
(1, 83, 1),
(1, 84, 1),
(2, 44, 1),
(2, 47, 1),
(2, 48, 1),
(2, 56, 1),
(2, 57, 1),
(2, 58, 1),
(2, 59, 1),
(2, 66, 1),
(2, 71, 1),
(2, 79, 1),
(2, 82, 1),
(2, 83, 1),
(3, 44, 1),
(3, 47, 1),
(3, 48, 1),
(3, 50, 1),
(3, 60, 1),
(3, 61, 1),
(3, 62, 1),
(3, 72, 1),
(3, 79, 1),
(3, 80, 1),
(3, 82, 1),
(3, 83, 1),
(4, 44, 1),
(4, 45, 1),
(4, 46, 1),
(4, 47, 1),
(4, 48, 1),
(4, 49, 1),
(4, 50, 1),
(4, 51, 1),
(4, 52, 1),
(4, 53, 1),
(4, 54, 1),
(4, 55, 1),
(4, 56, 1),
(4, 57, 1),
(4, 58, 1),
(4, 59, 1),
(4, 60, 1),
(4, 61, 1),
(4, 62, 1),
(4, 63, 1),
(4, 64, 1),
(4, 65, 1),
(4, 66, 1),
(4, 67, 1),
(4, 68, 1),
(4, 69, 1),
(4, 70, 1),
(4, 71, 1),
(4, 72, 1),
(4, 73, 1),
(4, 74, 1),
(4, 75, 1),
(4, 76, 1),
(4, 77, 1),
(4, 78, 1),
(4, 79, 1),
(4, 80, 1),
(4, 81, 1),
(4, 82, 1),
(4, 83, 1),
(4, 84, 1),
(5, 85, 1),
(5, 86, 1),
(5, 87, 1),
(5, 88, 1),
(5, 89, 1),
(5, 90, 1),
(5, 91, 1),
(5, 92, 1),
(5, 93, 1),
(5, 94, 1),
(5, 95, 1),
(5, 96, 1),
(5, 97, 1),
(5, 98, 1),
(5, 99, 1),
(5, 100, 1),
(5, 101, 1),
(5, 102, 1),
(5, 103, 1),
(5, 104, 1),
(5, 105, 1),
(5, 106, 1),
(5, 107, 1),
(5, 108, 1),
(5, 109, 1),
(5, 110, 1),
(5, 111, 1),
(5, 112, 1),
(5, 113, 1),
(5, 114, 1),
(5, 115, 1),
(5, 116, 1),
(6, 85, 1),
(6, 86, 1),
(6, 87, 1),
(6, 88, 1),
(6, 89, 1),
(6, 92, 1),
(6, 93, 1),
(6, 94, 1),
(6, 96, 1),
(6, 97, 1),
(6, 98, 1),
(6, 99, 1),
(6, 100, 1),
(6, 101, 1),
(6, 102, 1),
(6, 105, 1),
(6, 106, 1),
(6, 107, 1),
(6, 108, 1),
(6, 109, 1),
(6, 110, 1),
(6, 111, 1),
(6, 112, 1),
(6, 113, 1),
(6, 114, 1),
(6, 116, 1),
(7, 85, 1),
(7, 87, 1),
(7, 88, 1),
(7, 89, 1),
(7, 92, 1),
(7, 93, 1),
(7, 94, 1),
(7, 96, 1),
(7, 98, 1),
(7, 99, 1),
(7, 100, 1),
(7, 101, 1),
(7, 104, 1),
(7, 105, 1),
(7, 106, 1),
(7, 107, 1),
(7, 108, 1),
(7, 113, 1),
(7, 114, 1),
(7, 116, 1),
(8, 85, 1),
(8, 87, 1),
(8, 88, 1),
(8, 89, 1),
(8, 92, 1),
(8, 93, 1),
(8, 94, 1),
(8, 114, 1),
(8, 116, 1),
(8, 96, 0),
(8, 108, 0),
(8, 113, 0),
(9, 85, 1),
(9, 88, 1),
(9, 89, 1),
(9, 92, 1),
(9, 93, 1),
(9, 94, 1),
(9, 96, 1),
(9, 98, 1),
(9, 99, 1),
(9, 100, 1),
(9, 101, 1),
(9, 104, 1),
(9, 105, 1),
(9, 106, 1),
(9, 107, 1),
(9, 108, 1),
(9, 113, 1),
(9, 114, 1),
(9, 116, 1),
(9, 87, 0),
(10, 31, 1),
(10, 32, 1),
(10, 42, 1),
(10, 33, 1),
(10, 34, 1),
(10, 35, 1),
(10, 36, 1),
(10, 37, 1),
(10, 38, 1),
(10, 39, 1),
(10, 40, 1),
(10, 41, 1),
(10, 43, 1),
(11, 31, 1),
(11, 32, 1),
(11, 34, 1),
(11, 35, 1),
(11, 36, 1),
(11, 37, 1),
(11, 38, 1),
(11, 39, 1),
(11, 40, 1),
(11, 41, 1),
(11, 43, 1),
(12, 31, 1),
(12, 34, 1),
(12, 35, 1),
(12, 36, 1),
(12, 40, 1),
(13, 31, 1),
(13, 32, 1),
(13, 35, 1),
(14, 3, 1),
(14, 25, 1),
(14, 27, 1),
(14, 1, 1),
(14, 24, 1),
(14, 4, 1),
(14, 17, 1),
(14, 19, 1),
(14, 15, 1),
(14, 18, 1),
(14, 5, 1),
(14, 2, 1),
(14, 28, 1),
(14, 14, 1),
(14, 12, 1),
(14, 13, 1),
(14, 8, 1),
(14, 9, 1),
(14, 22, 1),
(14, 20, 1),
(14, 26, 1),
(14, 11, 1),
(14, 29, 1),
(14, 6, 1),
(14, 21, 1),
(15, 1, 1),
(15, 30, 1),
(15, 29, 1),
(15, 23, 1),
(15, 18, 1),
(15, 15, 1),
(15, 27, 1),
(15, 22, 1),
(15, 19, 1),
(15, 9, 1),
(15, 8, 1),
(15, 6, 1),
(15, 5, 1),
(15, 25, 1),
(15, 24, 1),
(15, 13, 1),
(15, 7, 1),
(15, 4, 1),
(15, 3, 1),
(15, 21, 1),
(15, 20, 1),
(15, 17, 1),
(15, 14, 1),
(15, 11, 1),
(16, 1, 0),
(17, 1, 1),
(17, 7, 1),
(17, 14, 1),
(17, 19, 1),
(17, 20, 1),
(17, 23, 1),
(17, 27, 1),
(18, 1, 1),
(18, 4, 1),
(18, 7, 1),
(18, 8, 1),
(18, 9, 1),
(18, 13, 1),
(18, 14, 1),
(18, 15, 1),
(18, 17, 1),
(18, 18, 1),
(18, 19, 1),
(18, 20, 1),
(18, 21, 1),
(18, 22, 1),
(18, 23, 1),
(18, 24, 1),
(18, 25, 1),
(18, 27, 1),
(18, 29, 1),
(19, 19, 1),
(19, 20, 1),
(19, 1, 1),
(19, 14, 1),
(20, 1, 1),
(20, 3, 1),
(20, 4, 1),
(20, 7, 1),
(20, 8, 1),
(20, 9, 1),
(20, 13, 1),
(20, 14, 1),
(20, 17, 1),
(20, 18, 1),
(20, 19, 1),
(20, 20, 1),
(20, 21, 1),
(20, 22, 1),
(20, 23, 1),
(20, 24, 1),
(20, 25, 1),
(20, 27, 1),
(20, 29, 1),
(20, 15, 0),
(21, 1, 1),
(21, 30, 1),
(21, 29, 1),
(21, 16, 1),
(21, 23, 1),
(21, 18, 1),
(21, 15, 1),
(21, 27, 1),
(21, 22, 1),
(21, 19, 1),
(21, 9, 1),
(21, 8, 1),
(21, 6, 1),
(21, 5, 1),
(21, 25, 1),
(21, 24, 1),
(21, 13, 1),
(21, 7, 1),
(21, 4, 1),
(21, 3, 1),
(21, 21, 1),
(21, 20, 1),
(21, 17, 1),
(21, 14, 1),
(21, 11, 1),
(22, 1, 1),
(22, 29, 1),
(22, 16, 1),
(22, 23, 1),
(22, 18, 1),
(22, 15, 1),
(22, 27, 1),
(22, 22, 1),
(22, 19, 1),
(22, 9, 1),
(22, 8, 1),
(22, 25, 1),
(22, 24, 1),
(22, 13, 1),
(22, 7, 1),
(22, 4, 1),
(22, 21, 1),
(22, 20, 1),
(22, 17, 1),
(22, 14, 1),
(14, 16, 1),
(14, 23, 1),
(14, 7, 1),
(14, 10, 1),
(14, 30, 1),
(46, 16, 1),
(46, 145, 1),
(46, 163, 1),
(46, 17, 1),
(46, 22, 1),
(46, 11, 1),
(46, 20, 1),
(46, 132, 1),
(46, 28, 1),
(46, 13, 1),
(46, 15, 1),
(46, 21, 1),
(46, 24, 1),
(46, 128, 1),
(46, 6, 1),
(46, 8, 1),
(46, 25, 1),
(46, 12, 1),
(46, 27, 1),
(46, 138, 1),
(46, 4, 1),
(46, 3, 1),
(46, 172, 1),
(46, 133, 1),
(46, 159, 1),
(46, 117, 1),
(46, 140, 1),
(46, 19, 1),
(46, 18, 1),
(46, 129, 1),
(47, 165, 1),
(47, 117, 1),
(47, 172, 1),
(47, 145, 1),
(47, 8, 1),
(47, 18, 1),
(47, 140, 1),
(47, 159, 1),
(47, 133, 1),
(47, 183, 1),
(47, 163, 1),
(47, 129, 1),
(47, 23, 1),
(47, 170, 1),
(47, 4, 1),
(47, 125, 1),
(47, 144, 1),
(47, 136, 1),
(47, 6, 1),
(47, 25, 1),
(47, 27, 1),
(47, 11, 1),
(47, 19, 1),
(58, 200, 1),
(47, 21, 1),
(47, 199, 1),
(47, 132, 1),
(47, 128, 1),
(47, 138, 1),
(47, 153, 1),
(47, 13, 1),
(48, 25, 1),
(48, 199, 1),
(48, 15, 1),
(48, 172, 1),
(48, 138, 1),
(48, 19, 1),
(48, 140, 1),
(48, 21, 1),
(48, 144, 1),
(48, 132, 1),
(48, 23, 1),
(48, 128, 1),
(48, 133, 1),
(48, 13, 1),
(48, 170, 1),
(48, 117, 1),
(48, 24, 1),
(48, 14, 1),
(48, 12, 1),
(48, 6, 1),
(48, 11, 1),
(48, 7, 1),
(48, 18, 1),
(48, 16, 1),
(48, 195, 1),
(48, 8, 1),
(48, 4, 1),
(49, 20, 1),
(49, 138, 1),
(49, 129, 1),
(49, 27, 1),
(49, 7, 1),
(49, 170, 1),
(49, 14, 1),
(49, 140, 1),
(49, 172, 1),
(49, 13, 1),
(49, 199, 1),
(49, 23, 1),
(49, 24, 1),
(49, 8, 1),
(49, 117, 1),
(49, 18, 1),
(49, 4, 1),
(49, 132, 1),
(49, 21, 1),
(49, 11, 1),
(49, 17, 1),
(50, 144, 1),
(50, 8, 1),
(50, 27, 1),
(50, 20, 1),
(50, 21, 1),
(50, 170, 1),
(50, 129, 1),
(50, 14, 1),
(50, 128, 1),
(50, 13, 1),
(50, 4, 1),
(50, 138, 1),
(50, 24, 1),
(50, 199, 1),
(50, 25, 1),
(50, 19, 1),
(50, 7, 1),
(50, 140, 1),
(50, 133, 1),
(51, 144, 1),
(51, 21, 1),
(51, 14, 1),
(51, 170, 1),
(51, 199, 1),
(51, 172, 1),
(51, 13, 1),
(51, 18, 1),
(51, 19, 1),
(51, 20, 1),
(67, 183, 1),
(52, 133, 1),
(52, 170, 1),
(52, 14, 1),
(52, 20, 1),
(71, 159, 1),
(53, 86, 1),
(53, 118, 1),
(53, 173, 1),
(53, 185, 1),
(53, 105, 1),
(53, 156, 1),
(53, 124, 1),
(53, 114, 1),
(53, 109, 1),
(53, 171, 1),
(53, 166, 1),
(53, 200, 1),
(53, 137, 1),
(53, 158, 1),
(53, 201, 1),
(53, 182, 1),
(53, 191, 1),
(53, 101, 1),
(53, 99, 1),
(53, 104, 1),
(53, 98, 1),
(53, 143, 1),
(53, 131, 1),
(53, 135, 1),
(53, 130, 1),
(53, 139, 1),
(54, 109, 1),
(54, 186, 1),
(54, 198, 1),
(54, 185, 1),
(54, 105, 1),
(54, 137, 1),
(54, 124, 1),
(54, 99, 1),
(54, 201, 1),
(54, 156, 1),
(54, 182, 1),
(54, 191, 1),
(54, 154, 1),
(54, 118, 1),
(54, 131, 1),
(54, 115, 1),
(54, 139, 1),
(54, 200, 1),
(54, 134, 1),
(54, 130, 1),
(54, 158, 1),
(54, 166, 1),
(54, 104, 1),
(54, 135, 1),
(54, 173, 1),
(54, 114, 1),
(55, 173, 1),
(55, 124, 1),
(55, 90, 1),
(55, 200, 1),
(55, 198, 1),
(55, 174, 1),
(55, 115, 1),
(55, 139, 1),
(55, 116, 1),
(55, 160, 1),
(55, 143, 1),
(55, 114, 1),
(55, 101, 1),
(55, 108, 1),
(55, 107, 1),
(55, 118, 1),
(55, 113, 1),
(55, 185, 1),
(55, 100, 1),
(55, 98, 1),
(55, 186, 1),
(55, 93, 1),
(55, 105, 1),
(56, 137, 1),
(56, 98, 1),
(56, 200, 1),
(56, 99, 1),
(56, 173, 1),
(56, 109, 1),
(56, 185, 1),
(56, 104, 1),
(56, 90, 1),
(56, 130, 1),
(56, 105, 1),
(56, 93, 1),
(56, 134, 1),
(56, 101, 1),
(56, 87, 1),
(56, 174, 1),
(56, 115, 1),
(56, 106, 1),
(56, 171, 1),
(56, 143, 1),
(57, 101, 1),
(57, 143, 1),
(57, 185, 1),
(57, 87, 1),
(57, 174, 1),
(57, 106, 1),
(57, 134, 1),
(57, 137, 1),
(57, 131, 1),
(57, 198, 1),
(57, 173, 1),
(57, 186, 1),
(57, 104, 1),
(57, 171, 1),
(57, 99, 1),
(57, 114, 1),
(57, 124, 1),
(57, 93, 1),
(58, 134, 1),
(58, 174, 1),
(58, 99, 1),
(58, 114, 1),
(58, 137, 1),
(58, 98, 1),
(58, 90, 1),
(58, 171, 1),
(58, 201, 1),
(58, 106, 1),
(58, 104, 1),
(58, 105, 1),
(58, 109, 1),
(58, 93, 1),
(58, 173, 1),
(58, 87, 1),
(58, 143, 1),
(58, 198, 1),
(52, 7, 1),
(76, 1, 1),
(59, 171, 1),
(63, 185, 1),
(59, 195, 1),
(63, 108, 1),
(52, 1, 1),
(68, 85, 1),
(52, 172, 1),
(66, 196, 1),
(60, 8, 1),
(60, 117, 1),
(60, 4, 1),
(60, 21, 1),
(60, 170, 1),
(63, 131, 1),
(60, 27, 1),
(60, 172, 1),
(60, 20, 1),
(60, 28, 1),
(60, 15, 1),
(60, 13, 1),
(60, 23, 1),
(71, 20, 1),
(60, 16, 1),
(60, 14, 1),
(60, 19, 1),
(61, 108, 1),
(61, 107, 1),
(61, 173, 1),
(61, 98, 1),
(61, 174, 1),
(61, 171, 1),
(61, 93, 1),
(61, 87, 1),
(61, 99, 1),
(61, 115, 1),
(61, 90, 1),
(61, 110, 1),
(61, 118, 1),
(61, 101, 1),
(61, 109, 1),
(62, 22, 1),
(62, 8, 1),
(62, 133, 1),
(62, 4, 1),
(62, 25, 1),
(62, 132, 1),
(62, 24, 1),
(62, 15, 1),
(62, 17, 1),
(62, 16, 1),
(62, 18, 1),
(62, 23, 1),
(62, 19, 1),
(62, 27, 1),
(62, 128, 1),
(62, 11, 1),
(62, 170, 1),
(62, 117, 1),
(62, 172, 1),
(62, 21, 1),
(62, 129, 1),
(62, 14, 1),
(62, 29, 1),
(62, 6, 1),
(66, 160, 1),
(62, 20, 1),
(63, 92, 1),
(63, 93, 1),
(63, 130, 1),
(63, 106, 1),
(63, 171, 1),
(63, 113, 1),
(63, 107, 1),
(63, 104, 1),
(63, 114, 1),
(63, 173, 1),
(63, 86, 1),
(63, 124, 1),
(63, 98, 1),
(63, 105, 1),
(63, 134, 1),
(63, 115, 1),
(63, 174, 1),
(63, 109, 1),
(63, 186, 1),
(63, 116, 1),
(63, 99, 1),
(61, 113, 1),
(63, 118, 1),
(71, 16, 1),
(64, 145, 1),
(64, 28, 1),
(64, 11, 1),
(64, 7, 1),
(64, 18, 1),
(64, 5, 1),
(64, 133, 1),
(64, 21, 1),
(64, 17, 1),
(64, 132, 1),
(64, 117, 1),
(64, 3, 1),
(64, 6, 1),
(64, 167, 1),
(64, 15, 1),
(64, 144, 1),
(64, 22, 1),
(64, 142, 1),
(64, 16, 1),
(64, 24, 1),
(64, 138, 1),
(64, 12, 1),
(64, 13, 1),
(64, 165, 1),
(64, 4, 1),
(64, 163, 1),
(64, 2, 1),
(64, 127, 1),
(64, 19, 1),
(64, 170, 1),
(64, 136, 1),
(64, 14, 1),
(65, 160, 1),
(65, 106, 1),
(65, 137, 1),
(65, 187, 1),
(65, 123, 1),
(65, 174, 1),
(65, 156, 1),
(65, 193, 1),
(65, 93, 1),
(65, 143, 1),
(65, 135, 1),
(65, 100, 1),
(65, 173, 1),
(65, 200, 1),
(65, 146, 1),
(65, 158, 1),
(65, 175, 1),
(65, 98, 1),
(65, 141, 1),
(65, 114, 1),
(65, 186, 1),
(65, 182, 1),
(65, 201, 1),
(65, 185, 1),
(65, 168, 1),
(66, 134, 1),
(78, 159, 1),
(66, 158, 1),
(66, 201, 1),
(58, 115, 1),
(66, 164, 1),
(66, 171, 1),
(79, 85, 1),
(66, 174, 1),
(66, 123, 1),
(66, 131, 1),
(66, 143, 1),
(66, 141, 1),
(66, 139, 1),
(66, 193, 1),
(66, 205, 1),
(66, 198, 1),
(66, 130, 1),
(66, 118, 1),
(66, 166, 1),
(66, 210, 1),
(67, 6, 1),
(66, 109, 1),
(66, 181, 1),
(66, 168, 1),
(66, 156, 1),
(78, 138, 1),
(67, 194, 1),
(67, 140, 1),
(67, 11, 1),
(67, 138, 1),
(67, 9, 1),
(67, 15, 1),
(67, 142, 1),
(67, 25, 1),
(67, 5, 1),
(67, 202, 1),
(67, 129, 1),
(67, 20, 1),
(67, 132, 1),
(67, 13, 1),
(67, 19, 1),
(67, 16, 1),
(67, 22, 1),
(67, 213, 1),
(67, 128, 1),
(67, 21, 1),
(67, 165, 1),
(67, 18, 1),
(67, 209, 1),
(67, 188, 1),
(67, 136, 1),
(67, 2, 1),
(67, 127, 1),
(67, 163, 1),
(67, 211, 1),
(67, 3, 1),
(67, 12, 1),
(51, 138, 1),
(68, 212, 1),
(68, 160, 1),
(68, 205, 1),
(68, 141, 1),
(69, 144, 1),
(69, 14, 1),
(69, 159, 1),
(69, 138, 1),
(69, 213, 1),
(69, 20, 1),
(53, 181, 1),
(53, 198, 1),
(53, 154, 1),
(54, 98, 1),
(54, 101, 1),
(54, 164, 1),
(55, 182, 1),
(55, 191, 1),
(55, 137, 1),
(56, 198, 1),
(56, 201, 1),
(56, 186, 1),
(57, 105, 1),
(57, 90, 1),
(57, 109, 1),
(58, 131, 1),
(58, 185, 1),
(50, 15, 1),
(59, 110, 1),
(59, 174, 1),
(61, 86, 1),
(65, 104, 1),
(65, 166, 1),
(65, 124, 1),
(69, 204, 1),
(66, 124, 1),
(66, 88, 1),
(67, 197, 1),
(69, 142, 1),
(68, 143, 1),
(67, 8, 1),
(67, 26, 1),
(67, 23, 1),
(67, 4, 1),
(67, 199, 1),
(67, 10, 1),
(67, 29, 1),
(67, 14, 1),
(67, 117, 1),
(67, 215, 1),
(67, 27, 1),
(67, 17, 1),
(64, 153, 1),
(64, 159, 1),
(64, 191, 1),
(64, 140, 1),
(64, 172, 1),
(64, 26, 1),
(64, 25, 1),
(64, 23, 1),
(64, 199, 1),
(47, 7, 1),
(66, 182, 1),
(46, 170, 1),
(46, 14, 1),
(69, 140, 1),
(66, 214, 1),
(68, 139, 1),
(66, 206, 1),
(66, 154, 1),
(79, 160, 1),
(61, 186, 1),
(65, 118, 1),
(65, 101, 1),
(65, 130, 1),
(65, 109, 1),
(65, 86, 1),
(65, 90, 1),
(65, 164, 1),
(65, 105, 1),
(67, 145, 1),
(78, 1, 1),
(66, 185, 1),
(52, 191, 1),
(65, 134, 1),
(65, 131, 1),
(61, 104, 1),
(59, 191, 1),
(59, 186, 1),
(77, 191, 1),
(50, 23, 1),
(50, 18, 1),
(57, 201, 1),
(57, 130, 1),
(49, 25, 1),
(49, 133, 1),
(49, 144, 1),
(56, 118, 1),
(56, 131, 1),
(55, 130, 1),
(55, 134, 1),
(48, 17, 1),
(48, 27, 1),
(48, 129, 1),
(58, 101, 1),
(47, 22, 1),
(47, 15, 1),
(47, 14, 1),
(51, 25, 1),
(54, 121, 1),
(54, 174, 1),
(54, 181, 1),
(46, 126, 1),
(46, 7, 1),
(46, 136, 1),
(46, 23, 1),
(53, 134, 1),
(53, 186, 1),
(53, 164, 1),
(53, 122, 1),
(70, 143, 1),
(71, 183, 1),
(72, 198, 1),
(73, 167, 1),
(51, 133, 1),
(71, 6, 1),
(71, 14, 1),
(71, 117, 1),
(71, 25, 1),
(71, 18, 1),
(71, 194, 1),
(71, 5, 1),
(71, 23, 1),
(71, 21, 1),
(71, 142, 1),
(71, 24, 1),
(71, 153, 1),
(71, 132, 1),
(71, 22, 1),
(71, 19, 1),
(71, 140, 1),
(71, 4, 1),
(71, 165, 1),
(71, 167, 1),
(71, 3, 1),
(71, 199, 1),
(71, 27, 1),
(71, 15, 1),
(71, 136, 1),
(71, 176, 1),
(71, 11, 1),
(71, 28, 1),
(71, 127, 1),
(71, 29, 1),
(71, 12, 1),
(71, 163, 1),
(70, 104, 1),
(70, 100, 1),
(70, 166, 1),
(70, 168, 1),
(70, 193, 1),
(70, 186, 1),
(70, 101, 1),
(70, 198, 1),
(70, 105, 1),
(70, 123, 1),
(70, 131, 1),
(70, 141, 1),
(70, 200, 1),
(70, 187, 1),
(70, 156, 1),
(70, 130, 1),
(70, 90, 1),
(70, 158, 1),
(70, 109, 1),
(70, 134, 1),
(70, 137, 1),
(70, 171, 1),
(70, 175, 1),
(70, 118, 1),
(70, 114, 1),
(70, 185, 1),
(70, 146, 1),
(70, 182, 1),
(70, 173, 1),
(70, 106, 1),
(70, 124, 1),
(72, 101, 1),
(72, 141, 1),
(72, 118, 1),
(72, 166, 1),
(72, 99, 1),
(72, 131, 1),
(72, 105, 1),
(72, 90, 1),
(72, 130, 1),
(72, 135, 1),
(72, 186, 1),
(72, 106, 1),
(72, 158, 1),
(72, 124, 1),
(72, 137, 1),
(72, 164, 1),
(72, 181, 1),
(72, 201, 1),
(72, 123, 1),
(72, 182, 1),
(72, 156, 1),
(72, 168, 1),
(72, 143, 1),
(72, 174, 1),
(72, 171, 1),
(72, 146, 1),
(72, 154, 1),
(72, 134, 1),
(73, 172, 1),
(73, 199, 1),
(73, 19, 1),
(73, 25, 1),
(73, 13, 1),
(73, 29, 1),
(73, 24, 1),
(73, 3, 1),
(73, 7, 1),
(73, 18, 1),
(73, 12, 1),
(73, 159, 1),
(73, 16, 1),
(73, 21, 1),
(73, 14, 1),
(73, 15, 1),
(73, 28, 1),
(73, 17, 1),
(73, 127, 1),
(73, 11, 1),
(73, 22, 1),
(73, 165, 1),
(73, 23, 1),
(73, 27, 1),
(73, 133, 1),
(73, 20, 1),
(73, 132, 1),
(73, 4, 1),
(73, 163, 1),
(73, 136, 1),
(73, 142, 1),
(78, 140, 1),
(67, 24, 1),
(5, 169, 1),
(6, 169, 1),
(7, 169, 1),
(8, 169, 0),
(9, 169, 1),
(79, 137, 1),
(67, 159, 1),
(66, 114, 1),
(59, 185, 1),
(58, 186, 1),
(67, 28, 1),
(78, 144, 1),
(67, 30, 1),
(66, 187, 1),
(66, 135, 1),
(67, 176, 1),
(65, 154, 1),
(65, 99, 1),
(65, 198, 1),
(65, 87, 1),
(65, 171, 1),
(65, 97, 1),
(64, 176, 1),
(64, 27, 1),
(64, 183, 1),
(64, 20, 1),
(71, 133, 1),
(71, 26, 1),
(71, 17, 1),
(70, 164, 1),
(70, 135, 1),
(70, 201, 1),
(70, 174, 1),
(70, 154, 1),
(73, 138, 1),
(73, 170, 1),
(73, 183, 1),
(72, 100, 1),
(72, 173, 1),
(72, 114, 1),
(72, 185, 1),
(72, 200, 1),
(63, 101, 1),
(63, 87, 1),
(63, 191, 1),
(62, 7, 1),
(62, 13, 1),
(61, 106, 1),
(61, 116, 1),
(61, 92, 1),
(60, 7, 1),
(60, 6, 1),
(58, 191, 1),
(51, 140, 1),
(51, 7, 1),
(50, 11, 1),
(50, 22, 1),
(57, 200, 1),
(57, 98, 1),
(57, 115, 1),
(49, 19, 1),
(49, 22, 1),
(56, 114, 1),
(56, 191, 1),
(56, 195, 1),
(55, 131, 1),
(55, 171, 1),
(55, 87, 1),
(48, 22, 1),
(48, 20, 1),
(54, 143, 1),
(54, 171, 1),
(54, 86, 1),
(47, 24, 1),
(46, 153, 1),
(53, 115, 1),
(53, 174, 1),
(53, 93, 1),
(59, 134, 1),
(76, 20, 1),
(66, 86, 1),
(79, 143, 1),
(67, 170, 1),
(67, 7, 1),
(74, 96, 0),
(74, 169, 0),
(74, 113, 0),
(75, 15, 0),
(52, 23, 1),
(72, 104, 1),
(73, 6, 1),
(66, 173, 1),
(66, 93, 1),
(66, 175, 1),
(67, 204, 1),
(76, 14, 1),
(76, 23, 1),
(76, 172, 1),
(77, 173, 1),
(77, 186, 1),
(77, 110, 1),
(6, 191, 1),
(64, 29, 1),
(4, 191, 1),
(74, 191, 1),
(55, 109, 1),
(59, 93, 1),
(55, 104, 1),
(66, 186, 1),
(67, 167, 1),
(5, 195, 1),
(6, 195, 1),
(48, 159, 1),
(66, 203, 1),
(66, 137, 1),
(66, 200, 1),
(64, 8, 1),
(64, 194, 1),
(64, 188, 1),
(64, 129, 1),
(64, 128, 1),
(64, 30, 1),
(65, 181, 1),
(65, 169, 1),
(65, 96, 1),
(65, 115, 1),
(65, 191, 1),
(65, 195, 1),
(65, 110, 1),
(65, 95, 1),
(65, 94, 1),
(65, 116, 1),
(65, 92, 1),
(65, 139, 1),
(65, 107, 1),
(70, 99, 1),
(70, 98, 1),
(70, 87, 1),
(70, 86, 1),
(70, 93, 1),
(70, 160, 1),
(70, 97, 1),
(70, 181, 1),
(70, 169, 1),
(70, 96, 1),
(70, 115, 1),
(70, 191, 1),
(70, 195, 1),
(70, 110, 1),
(70, 95, 1),
(70, 94, 1),
(70, 116, 1),
(70, 92, 1),
(70, 139, 1),
(70, 107, 1),
(71, 13, 1),
(71, 7, 1),
(71, 170, 1),
(71, 172, 1),
(71, 138, 1),
(71, 145, 1),
(71, 144, 1),
(71, 8, 1),
(71, 188, 1),
(71, 129, 1),
(71, 128, 1),
(71, 30, 1),
(72, 87, 1),
(72, 93, 1),
(72, 109, 1),
(72, 160, 1),
(72, 98, 1),
(72, 97, 1),
(72, 115, 1),
(72, 191, 1),
(72, 195, 1),
(72, 110, 1),
(72, 95, 1),
(72, 94, 1),
(72, 116, 1),
(72, 92, 1),
(72, 139, 1),
(72, 107, 1),
(73, 117, 1),
(73, 140, 1),
(73, 153, 1),
(73, 144, 1),
(73, 8, 1),
(73, 145, 1),
(73, 129, 1),
(73, 128, 1),
(73, 30, 1),
(48, 183, 1),
(55, 201, 1),
(55, 95, 1),
(55, 106, 1),
(55, 99, 1),
(56, 110, 1),
(56, 116, 1),
(56, 92, 1),
(56, 139, 1),
(56, 107, 1),
(49, 16, 1),
(50, 132, 1),
(50, 172, 1),
(50, 29, 1),
(57, 191, 1),
(57, 195, 1),
(57, 110, 1),
(57, 116, 1),
(57, 92, 1),
(57, 139, 1),
(57, 107, 1),
(51, 4, 1),
(51, 27, 1),
(51, 132, 1),
(51, 23, 1),
(58, 195, 1),
(58, 110, 1),
(58, 116, 1),
(58, 92, 1),
(58, 139, 1),
(58, 107, 1),
(60, 1, 1),
(61, 185, 1),
(61, 85, 1),
(62, 1, 1),
(63, 195, 1),
(63, 110, 1),
(63, 94, 1),
(63, 90, 1),
(63, 85, 1),
(59, 173, 1),
(59, 85, 1),
(77, 85, 1),
(46, 199, 1),
(46, 144, 1),
(46, 183, 1),
(46, 165, 1),
(46, 29, 1),
(53, 146, 1),
(53, 195, 1),
(53, 110, 1),
(53, 95, 1),
(53, 94, 1),
(53, 116, 1),
(53, 92, 1),
(53, 90, 1),
(53, 87, 1),
(53, 160, 1),
(53, 106, 1),
(54, 93, 1),
(54, 146, 1),
(54, 195, 1),
(54, 110, 1),
(54, 95, 1),
(54, 94, 1),
(54, 116, 1),
(54, 92, 1),
(54, 90, 1),
(54, 87, 1),
(54, 160, 1),
(54, 106, 1),
(47, 12, 1),
(47, 3, 1),
(47, 17, 1),
(47, 20, 1),
(66, 146, 1),
(67, 172, 1),
(79, 139, 1),
(68, 137, 1),
(67, 144, 1),
(67, 133, 1),
(67, 207, 1),
(66, 85, 1),
(66, 208, 1),
(66, 212, 1),
(67, 1, 1),
(55, 195, 1),
(55, 110, 1),
(55, 92, 1),
(55, 85, 1),
(67, 153, 1),
(48, 29, 1),
(69, 1, 1),
(53, 107, 1),
(53, 108, 1),
(53, 113, 1),
(53, 85, 1),
(46, 30, 1),
(46, 1, 1),
(54, 107, 1),
(54, 108, 1),
(54, 113, 1),
(54, 85, 1),
(47, 16, 1),
(47, 29, 1),
(47, 1, 1),
(48, 1, 1),
(49, 1, 1),
(56, 108, 1),
(56, 113, 1),
(56, 85, 1),
(57, 108, 1),
(57, 113, 1),
(57, 85, 1),
(50, 1, 1),
(58, 108, 1),
(58, 113, 1),
(58, 85, 1),
(51, 1, 1),
(73, 1, 1),
(72, 108, 1),
(72, 113, 1),
(72, 85, 1),
(71, 1, 1),
(70, 108, 1),
(70, 113, 1),
(70, 85, 1),
(64, 1, 1),
(65, 108, 1),
(65, 113, 1),
(65, 85, 1),
(1, 217, 1),
(4, 217, 1);

INSERT INTO phpbb_config (`config_name`, `config_value`, `is_dynamic`) VALUES
('allow_quick_reply_bbcode', '1', 0),
('allow_quick_reply_smilies', '1', 0),
('board3_announcements_archive_12', '1', 0),
('board3_announcements_day_12', '0', 0),
('board3_announcements_forum_exclude_12', '0', 0),
('board3_announcements_length_12', '200', 0),
('board3_announcements_permissions_12', '1', 0),
('board3_announcements_style_12', '1', 0),
('board3_attach_max_length_6', '15', 0),
('board3_attachments_exclude_6', '0', 0),
('board3_attachments_filetype_6', '', 0),
('board3_attachments_forum_exclude_6', '0', 0),
('board3_attachments_forum_ids_6', '', 0),
('board3_attachments_number_6', '8', 0),
('board3_birthdays_ahead_3', 'portal_birthdays_ahead', 0),
('board3_calendar_sunday_color_18', '#FF0000', 0),
('board3_calendar_today_color_18', '#000000', 0),
('board3_clock_src_4', 'board3clock.swf', 0),
('board3_display_events_18', '0', 0),
('board3_display_jumpbox', '1', 0),
('board3_enable', '1', 0),
('board3_events_18', '', 0),
('board3_events_url_new_window_18', '0', 0),
('board3_forum_index', '1', 0),
('board3_global_announcements_forum_12', '', 0),
('board3_last_visited_bots_number_20', '1', 0),
('board3_leaders_ext_19', '1', 0),
('board3_left_column', '1', 0),
('board3_left_column_width', '180px', 0),
('board3_links_21', '', 0),
('board3_links_url_new_window_21', '0', 0),
('board3_long_month_18', '1', 0),
('board3_max_last_member_8', '8', 0),
('board3_max_topics_11', '10', 0),
('board3_menu_1', '', 0),
('board3_menu_url_new_window_1', '0', 0),
('board3_news_archive_13', '1', 0),
('board3_news_exclude_13', '0', 0),
('board3_news_forum_13', '', 0),
('board3_news_length_13', '250', 0),
('board3_news_permissions_13', '1', 0),
('board3_news_show_last_13', '0', 0),
('board3_news_style_13', '1', 0),
('board3_number_of_announcements_12', '1', 0),
('board3_number_of_news_13', '5', 0),
('board3_phpbb_menu', '1', 0),
('board3_poll_allow_vote_14', '1', 0),
('board3_poll_exclude_id_14', '0', 0),
('board3_poll_hide_14', '0', 0),
('board3_poll_limit_14', '3', 0),
('board3_poll_topic_id_14', '', 0),
('board3_portal_version', '2.0.2', 0),
('board3_ppk_chat_number_22', '1', 0),
('board3_ppk_ltorrents_number_23', '1', 0),
('board3_ppk_topdown_torrents_number_25', '1', 0),
('board3_ppk_trstats_number_24', '1', 0),
('board3_recent_exclude_forums_11', '1', 0),
('board3_recent_forum_11', '', 0),
('board3_recent_title_limit_11', '100', 0),
('board3_right_column', '1', 0),
('board3_right_column_width', '180px', 0),
('board3_show_all_news_13', '1', 0),
('board3_show_announcements_replies_views_12', '1', 0),
('board3_show_news_replies_views_13', '1', 0),
('board3_sunday_first_18', '0', 0),
('board3_topposters_7', '8', 0),
('board3_user_menu_register_16', '1', 0),
('board3_version_check', '0', 0),
('board3_welcome_message_10', '', 0),
('board3_welcome_message_bitfield_10', '', 0),
('board3_welcome_message_uid_10', '', 0),
('cgp_cache_gc', '7200', 0),
('cgp_cache_last_gc', '0', 1),
('cgp_enabled', '0', 0),
('cgp_force_fcache', '1', 0),
('cgp_multi_styles', '0', 0),
('cgp_places', '', 0),
('cgp_remove_sid', '1', 0),
('cgp_ttl', '720', 0),
('cgp_version', '1.1.2', 0),
('num_comments', '0', 1),
('num_torrents', '0', 1),
('ppkbb_chat_last_cleanup', 0, 1),
('ppkbb_cron_last_cleanup', 0, 1),
('ppkbb_gtracker_last_cleanup', 0, 1),
('ppkbb_last_dtad', '0', 1),
('ppkbb_last_stattime', '0', 1),
('ppkbb_newversion_lastcheck', 0, 1),
('ppkbb_total_torrsize', '', 1),
('ppkbb_total_seed_leech_peers', '', 1),
('ppkbb_total_speedup_speeddown', '', 1),
('ppkbb_total_sup_sdown', '', 1),
('ppkbb_total_tseeders_useeders', '', 1),
('ppkbb_total_thanks_seedreq', '', 1),
('ppkbb_total_tleecheers_uleechers', '', 1),
('ppkbb_total_up_down', '', 1),
('ppkbb_tracker_last_cleanup', 0, 1),
('similar_topics', '0', 0),
('similar_topics_cache', '3600', 0),
('similar_topics_hide', '', 0),
('similar_topics_ignore', '', 0),
('similar_topics_limit', '5', 0),
('similar_topics_time', '31536000', 0),
('similar_topics_tracker', '0', 0),
('similar_topics_type', 'y', 0),
('similar_topics_version', '1.1.6', 0),
('similar_topics_words', '', 0),
('ppkbb_last_gsesscheck', '0', 1),
('ppkbb_gsess_count', '0', 1),
('similar_topics_maxwords', '0', 0),
('merge_interval', '0', 0),
('merge_no_forums', '0', 0),
('merge_no_topics', '0', 0),
('merge_no_forums_trueexclude', '1', 0),
('merge_no_doublepost', '0', 0),
('similar_topics_minscore', '0.5', 0),
('merge_not_firstpost', '0', 0),
('last_tracker_delete_dead_peers', '0', 1),
('last_torrent_recount_seed_leech', '0', 1),
('last_torrent_recount_seed_leech_speed', '0', 1),
('last_torrent_announce_remote_trackers', '0', 1),
('last_torrent_fix_torrents_statuses', '0', 1),
('last_torrent_delete_dead_torrents', '0', 1),
('last_stat_count_seed_leech', '0', 1),
('last_stat_count_upload_download', '0', 1),
('last_stat_count_session_upload_download', '0', 1),
('last_stat_count_torrents_size', '0', 1),
('last_stat_count_upload_download_speed', '0', 1),
('last_stat_count_torrents', '0', 1),
('last_stat_count_comments', '0', 1),
('last_stat_count_thanks', '0', 1),
('last_stat_count_torrentsseed_usersseed', '0', 1),
('last_stat_count_torrentsleech_usersleech', '0', 1),
('last_user_count_torrents', '0', 1),
('last_user_count_comments', '0', 1),
('errors_debug_version', '1.2.0', 0),
('errors_debug_active', '1', 0),
('errors_debug_echo', '1', 0),
('errors_debug_all', '0', 0),
('errors_debug_ip', '0', 0),
('errors_debug_acp', '25', 0),
('errors_debug_footer', '1', 0);

INSERT INTO phpbb_portal_modules (`module_id`, `module_classname`, `module_column`, `module_order`, `module_name`, `module_image_src`, `module_image_width`, `module_image_height`, `module_group_ids`, `module_status`) VALUES
(1, 'main_menu', 1, 1, 'M_MENU', 'portal_menu.png', 16, 16, '', 1),
(2, 'stylechanger', 1, 2, 'BOARD_STYLE', 'portal_style.png', 16, 16, '', 1),
(3, 'birthday_list', 1, 3, 'BIRTHDAYS', 'portal_birthday.png', 16, 16, '', 1),
(4, 'clock', 1, 4, 'CLOCK', 'portal_clock.png', 16, 16, '', 1),
(5, 'search', 1, 5, 'PORTAL_SEARCH', 'portal_search.png', 16, 16, '', 1),
(6, 'attachments', 1, 7, 'PORTAL_ATTACHMENTS', 'portal_attach.png', 16, 16, '', 1),
(7, 'topposters', 1, 8, 'TOPPOSTERS', 'portal_top_poster.png', 16, 16, '', 1),
(8, 'latest_members', 1, 9, 'LATEST_MEMBERS', 'portal_members.png', 16, 16, '', 1),
(9, 'link_us', 1, 10, 'LINK_US', 'portal_link_us.png', 16, 16, '', 1),
(10, 'welcome', 2, 1, 'PORTAL_WELCOME', '', 16, 16, '', 1),
(11, 'recent', 2, 2, 'PORTAL_RECENT', '', 16, 16, '', 1),
(12, 'announcements', 2, 3, 'GLOBAL_ANNOUNCEMENTS', '', 16, 16, '', 1),
(13, 'news', 2, 4, 'LATEST_NEWS', '', 16, 16, '', 1),
(14, 'poll', 2, 6, 'PORTAL_POLL', 'portal_poll.png', 16, 16, '', 1),
(15, 'whois_online', 2, 7, 'PORTAL_WHOIS_ONLINE', '', 16, 16, '', 1),
(16, 'user_menu', 3, 1, 'USER_MENU', 'portal_user.png', 16, 16, '', 1),
(17, 'statistics', 3, 2, 'STATISTICS', 'portal_statistics.png', 16, 16, '', 1),
(18, 'calendar', 3, 3, 'PORTAL_CALENDAR', 'portal_calendar.png', 16, 16, '', 1),
(19, 'leaders', 3, 4, 'THE_TEAM', 'portal_team.png', 16, 16, '', 1),
(20, 'latest_bots', 3, 5, 'LATEST_BOTS', 'portal_bots.png', 16, 16, '', 1),
(21, 'links', 3, 6, 'PORTAL_LINKS', 'portal_links.png', 16, 16, '', 1),
(22, 'ppkbb3cker_chat', 4, 1, 'PPKBB3CKER_CHAT', '', 0, 0, '', 1),
(23, 'ppkbb3cker_ltorrents', 2, 5, 'PPKBB3CKER_LTORRENTS', '', 0, 0, '', 1),
(24, 'ppkbb3cker_trstats', 3, 7, 'PPKBB3CKER_TRSTATS', 'portal_statistics.png', 16, 16, '', 1),
(25, 'ppkbb3cker_topdown_torrents', 2, 8, 'PPKBB3CKER_TOPDOWN_TORRENTS', 'portal_link_us.png', 16, 16, '', 1);

INSERT INTO phpbb_tracker_config (`config_name`, `config_value`) VALUES
('board3_ppkbb3cker_chat_22', '0'),
('board3_ppkbb3cker_portal_exclude_forums_23', ''),
('board3_ppkbb3cker_portal_last_torrents_23', '1 0 0 60'),
('board3_ppkbb3cker_portal_lttorrents_display_23', '1 1 1 1'),
('board3_ppkbb3cker_portal_torrents_perpage_23', '10'),
('board3_ppkbb3cker_portal_torrents_posttime_23', '-1 1 0'),
('board3_ppkbb3cker_portal_torrents_textlength_23', '3000'),
('board3_ppkbb3cker_portal_trueexclude_forums_23', '1'),
('ppkbb_addfields_type', '0 1 0 0'),
('ppkbb_addit_options', '1 2 1'),
('ppkbb_announce_url', '/tracker/announce.php?passkey={PASSKEY}'),
('ppkbb_append_tfile', '[{DOMAIN}]_{FILENAME}'),
('ppkbb_cgp_places', ''),
('ppkbb_chat_autokill_onpost', '1'),
('ppkbb_chat_autokill_onrefresh', '1'),
('ppkbb_chat_avatars', '80 no_avatar.gif'),
('ppkbb_chat_bot', '1 CHAT_BOT 0 FF0000 FF0000 bot_avatar.gif'),
('ppkbb_chat_botforums', ''),
('ppkbb_chat_botforums_trueexclude', '1'),
('ppkbb_chat_cleanup_interval', '3600'),
('ppkbb_chat_display', '0 0 0 0'),
('ppkbb_chat_enable', '0'),
('ppkbb_chat_enable_acommands', '1'),
('ppkbb_chat_enable_bbcodes', '1'),
('ppkbb_chat_enable_magicurl', '0'),
('ppkbb_chat_enable_pm', '1'),
('ppkbb_chat_guests', '0'),
('ppkbb_chat_guests_option', 'ru 10000 CHAT_GUEST'),
('ppkbb_chat_height', '75 150 1080 200'),
('ppkbb_chat_inactive_time', '300'),
('ppkbb_chat_killtime', '1800'),
('ppkbb_chat_last_cleanup', '0'),
('ppkbb_chat_logs', '1 1 1 1 1'),
('ppkbb_chat_marchive', '86400 0'),
('ppkbb_chat_maxsmiles', '3'),
('ppkbb_chat_messdisplay', '20'),
('ppkbb_chat_messlength', '255'),
('ppkbb_chat_murefresh', '10'),
('ppkbb_chat_qbantime', '3600'),
('ppkbb_chat_sounds', '1 0 exercises-ended.wav'),
('ppkbb_chat_umclean', '0 0 0 0'),
('ppkbb_chat_userrefresh', '30'),
('ppkbb_chat_waittime', '5'),
('ppkbb_clean_snatch', '0'),
('ppkbb_clear_peers', 'no'),
('ppkbb_cron_options', '3600 3600 1 60 5'),
('ppkbb_cssjs_cache', '1'),
('ppkbb_deadtorrents_autodelete', '0 0 0 0 0 0'),
('ppkbb_disable_fpquote', '1'),
('ppkbb_extposters_exclude', ''),
('ppkbb_extposters_trueexclude', '1'),
('ppkbb_extscreenshots_exclude', ''),
('ppkbb_extscreenshots_trueexclude', '1'),
('ppkbb_feed_comments', '0'),
('ppkbb_feed_comments_limit', '15'),
('ppkbb_feed_commtime', '99'),
('ppkbb_feed_enblist', ''),
('ppkbb_feed_fcomments', '0'),
('ppkbb_feed_ftorrents', '0'),
('ppkbb_feed_tcomments', '0'),
('ppkbb_feed_torrents', '0'),
('ppkbb_feed_torrents_limit', '30'),
('ppkbb_feed_torrents_sort', '0'),
('ppkbb_feed_torrtime', '99'),
('ppkbb_feed_trueenblist', '0'),
('ppkbb_fix_statuses', '0'),
('ppkbb_forb_extpostscr', ''),
('ppkbb_forb_extpostscr_trueexclude', '1'),
('ppkbb_forumid_remove', '0'),
('ppkbb_forums_qr', '0'),
('ppkbb_fpep_enable', ''),
('ppkbb_gtcallow_unregtorr', '0'),
('ppkbb_gtccleanup_interval', '172800'),
('ppkbb_gtcclients_restricts', '0 0 0'),
('ppkbb_gtcgz_rewrite', '0'),
('ppkbb_gtciptype', '0'),
('ppkbb_gtcmax_leech', '0'),
('ppkbb_gtcmax_seed', '0'),
('ppkbb_gtcmax_sessions', '0'),
('ppkbb_gtcmaxip_pertorr', '0'),
('ppkbb_gtcmaxip_pertr', '0'),
('ppkbb_gtcmaxpeers_limit', '50'),
('ppkbb_gtcmaxpeers_rewrite', '0'),
('ppkbb_gtcrights_tcache', '86400'),
('ppkbb_gtcsession_expire', '0 2592000'),
('ppkbb_gtcunregtorr_sessid', ''),
('ppkbb_hicons_fields', ''),
('ppkbb_index_chat', '0'),
('ppkbb_index_chat2', '0'),
('ppkbb_ipreg_countrestrict', '0 0'),
('ppkbb_max_extposters', '0 0 1 240 320 1080 1920 3 0 0'),
('ppkbb_max_extscreenshots', '0 0 3 320 240 1920 1080 3 0 0'),
('ppkbb_max_mfu', '3'),
('ppkbb_max_posters', '0 1'),
('ppkbb_max_screenshots', '0 3'),
('ppkbb_maxspoiler_depth', '3'),
('ppkbb_minscrape_interval', '1800'),
('ppkbb_mua_countlist', '5 10 25 50 75 100 250 500 750 1000 5000 10000'),
('ppkbb_noticedisclaimer_blocks', '1 1 1 1 1 2'),
('ppkbb_peerstable_memory', '0'),
('ppkbb_poll_options', '1 1'),
('ppkbb_portal_chat', '0'),
('ppkbb_portal_torrents_posttime', '-1 1 0'),
('ppkbb_ppkbb3cker_new', ''),
('ppkbb_ppkbb3cker_version', 'ppkBB3cker free v.2.5_20210430_54.1'),
('ppkbb_recount_finished', '0'),
('ppkbb_recount_thanks', '0'),
('ppkbb_reset_bonus', '0'),
('ppkbb_reset_ratio', '0'),
('ppkbb_rtrack_enable', '3 3 0'),
('ppkbb_scrape_enabled', '1'),
('ppkbb_search_astracker', '1'),
('ppkbb_smartmenus', '1 subsilver2 prosilver'),
('ppkbb_spoiler_banned_imghosts', '/imagebanana|hidebehind/i'),
('ppkbb_spoiler_options', '200 0 0 0 0 0 pp_default'),
('ppkbb_subforumslist', ''),
('ppkbb_subject_textlength', '250'),
('ppkbb_tcallow_unregtorr', '0'),
('ppkbb_tcannounce_interval', '1800'),
('ppkbb_tcauthor_candown', '5'),
('ppkbb_tcbonus_fsize', '734003200 0'),
('ppkbb_tcbonus_value', '-1 0 0 0.000'),
('ppkbb_tccheck_ban', '1'),
('ppkbb_tccheck_fext', '0'),
('ppkbb_tcclean_place', '1 1 1 1 0 0'),
('ppkbb_tccleanup_interval', '3600'),
('ppkbb_tcclients_restricts', '0 0 0'),
('ppkbb_tccron_jobs', '3600 3600 0 0 0'),
('ppkbb_tcdead_time', '2700'),
('ppkbb_tcdef_statuses', '-2 5'),
('ppkbb_tcenable_rannounces', '1 1 1 1 1 0 0 0 0'),
('ppkbb_gtcguest_cantdown', ''),
('ppkbb_tcguests_enabled', '1 1'),
('ppkbb_tcgz_rewrite', '0'),
('ppkbb_tcignore_connectable', '1'),
('ppkbb_tcignored_upload', '0'),
('ppkbb_tciptype', '0'),
('ppkbb_tcmax_leech', '0'),
('ppkbb_tcmax_seed', '0'),
('ppkbb_tcmaxip_pertorr', '0'),
('ppkbb_tcmaxip_pertr', '0'),
('ppkbb_gtcenable_snatchstat', '1'),
('ppkbb_tcmaxpeers_limit', '50'),
('ppkbb_tcmaxpeers_rewrite', '0'),
('ppkbb_tcminannounce_interval', '1800'),
('ppkbb_tcrannounces_options', '1800 1800 50 75 5 1 0.100 1 0 uTorrent/1820 -UT1820-'),
('ppkbb_tcratio_start', '0'),
('ppkbb_tcrights_tcache', '3600'),
('ppkbb_tctracker_disabled', '0'),
('ppkbb_tctrestricts_options', '0 0 0 0 0'),
('ppkbb_tctorr_updownspeed', '600'),
('ppkbb_tczones_enable', '0 0'),
('ppkbb_tfile_annreplace', '1 5 0'),
('ppkbb_thanks_enable', '1'),
('ppkbb_tmax_imgheight', '1024'),
('ppkbb_tmax_imgwidth', '1280'),
('ppkbb_tmax_thumbwidth', '140'),
('ppkbb_tmin_thumbsize', '12000'),
('ppkbb_topdown_torrents', '0 0 0 25 100% 100 60 0 3 1 0 0 0 0 0'),
('ppkbb_topdown_torrents_exclude', ''),
('ppkbb_topdown_torrents_options', '0 0 0 0 0 slide 0 1 0'),
('ppkbb_topdown_torrents_trueexclude', '1'),
('ppkbb_torr_blocks', '1 1 1 1 1 1 1 1 1 1'),
('ppkbb_torrblock_width', '20 20 35 0 200 0 200 0 200 0 200 0 0'),
('ppkbb_torrent_gmagnetlink', '0 0 0 0 0 0'),
('ppkbb_torrent_magnetlink', '0 0 0 0 0 0'),
('ppkbb_torrent_statml', '1 1 1 1 1 1 1 1 1 1'),
('ppkbb_torrent_statvt', '1 1 1 1 1 1 1 1 1 1'),
('ppkbb_tprivate_flag', '0'),
('ppkbb_tracker_top', '10 3600'),
('ppkbb_trclean_polls', '0'),
('ppkbb_trclean_sticky', '0'),
('ppkbb_trclear_cronjobs', '0'),
('ppkbb_trclear_files', '0'),
('ppkbb_trclear_guestsess', '0'),
('ppkbb_trclear_pollres', '0'),
('ppkbb_trclear_rannounces', '0'),
('ppkbb_trclear_snatched', ''),
('ppkbb_trclear_thanks', '0'),
('ppkbb_trclear_torrents', '0'),
('ppkbb_trclear_trtrack', '0'),
('ppkbb_trclear_unregtorr', '0'),
('ppkbb_trclear_urtrack', '0'),
('ppkbb_tstatus_notify', '0 0'),
('ppkbb_unset_tcache', '0'),
('ppkbb_trclear_extps', '0'),
('ppkbb_tctracker_restricts', '0 0 0'),
('ppkbb_gscrape_enabled', '1 0'),
('ppkbb_tracker_top_exclude', ''),
('ppkbb_tracker_top_trueexclude', '1'),
('ppkbb_cssjs_css', ''),
('ppkbb_cssjs_js', ''),
('ppkbb_announce_url2', '/tracker/announce2.php?passkey={PASSKEY}'),
('ppkbb_tracker_delete_dead_peers', '3600'),
('ppkbb_torrent_recount_seed_leech', '2700'),
('ppkbb_tctorrent_recount_seed_leech_speed', '1800'),
('ppkbb_gtctorrent_recount_seed_leech_speed', '1800'),
('ppkbb_torrent_announce_remote_trackers', '1800'),
('ppkbb_torrent_fix_torrents_statuses', '86400'),
('ppkbb_torrent_delete_dead_torrents', '43200'),
('ppkbb_stat_count_seed_leech', '3600'),
('ppkbb_stat_count_upload_download', '86400'),
('ppkbb_stat_count_session_upload_download', '3600'),
('ppkbb_stat_count_torrents_size', '86400'),
('ppkbb_stat_count_upload_download_speed', '3600'),
('ppkbb_stat_count_torrents', '86400'),
('ppkbb_stat_count_comments', '86400'),
('ppkbb_stat_count_thanks', '86400'),
('ppkbb_stat_count_torrentsseed_usersseed', '3600'),
('ppkbb_stat_count_torrentsleech_usersleech', '3600'),
('ppkbb_user_count_torrents', '3600'),
('ppkbb_user_count_comments', '3600'),
('ppkbb_tcmultiple_announce', '0'),
('ppkbb_gtcmultiple_announce', '0'),
('ppkbb_trclear_snatched_target', '0'),
('ppkbb_trclear_duplicate_snatch', '0');

INSERT INTO phpbb_tracker_cronjobs (id, enabled, cron_name, pages, start_run, end_run, cron_options, run_period, from_guest, runs_count, finish_count) VALUES
(1, 1, 'tracker_delete_dead_peers', 'index', '', '', '', 3600, 1, 0, 0),
(2, 1, 'torrent_recount_seed_leech', 'viewforum,viewtopic,search', '', '', '', 2700, 1, 0, 0),
(3, 1, 'torrent_announce_remote_trackers', 'viewforum,viewtopic,posting,search', '', '', '', 1800, 1, 0, 0),
(4, 1, 'torrent_fix_torrents_statuses', 'viewforum,viewtopic,search', '', '', '', 86400, 1, 0, 0),
(5, 1, 'torrent_delete_dead_torrents', 'viewforum', '', '', 'forum_cron', 43200, 1, 0, 0),
(6, 1, 'stat_count_seed_leech', 'index', '', '', '', 3600, 1, 0, 0),
(7, 1, 'stat_count_upload_download', 'index', '', '', '', 86400, 1, 0, 0),
(8, 1, 'stat_count_session_upload_download', 'index', '', '', '', 3600, 1, 0, 0),
(9, 1, 'stat_count_torrents_size', 'index', '', '', '', 86400, 1, 0, 0),
(10, 1, 'stat_count_upload_download_speed', 'index', '', '', '', 3600, 1, 0, 0),
(11, 1, 'stat_count_torrents', 'index', '', '', '', 86400, 1, 0, 0),
(12, 1, 'stat_count_comments', 'index', '', '', '', 86400, 1, 0, 0),
(13, 1, 'stat_count_thanks', 'index', '', '', '', 86400, 1, 0, 0),
(15, 1, 'stat_count_torrentsseed_usersseed', 'index', '', '', '', 3600, 1, 0, 0),
(16, 1, 'stat_count_torrentsleech_usersleech', 'index', '', '', '', 3600, 1, 0, 0),
(17, 1, 'user_count_torrents', 'index,portal,viewforum,viewtopic,memberlist,posting,search', '', '', '', 3600, 0, 0, 0),
(19, 1, 'user_count_comments', 'index,portal,viewforum,viewtopic,memberlist,posting,search', '', '', '', 3600, 0, 0, 0),
(21, 1, 'torrent_recount_seed_leech_speed', 'viewtopic', '', '', 'in_announce', 1800, 1, 0, 0);

INSERT INTO phpbb_tracker_cssjs (id, cssjs_path, cssjs_type, cssjs_enabled, cssjs_include, cssjs_variable, cssjs_order) VALUES
(1, 'tracker/addons/css/spoiler.css', 'css', 1, 0, '', 0),
(2, 'tracker/addons/css/ppkbb3cker.css', 'css', 1, 0, '', 1),
(3, 'tracker/addons/css/prettyPhoto.css', 'css', 1, 0, '', 2),
(4, 'tracker/addons/css/jquery.tooltip.css', 'css', 1, 0, '', 3),
(5, 'tracker/addons/css/tabs.css', 'css', 1, 0, '', 4),
(6, 'tracker/addons/css/fixedMenu.css', 'css', 1, 0, '', 5),
(7, 'tracker/addons/css/admin.css', 'css', 1, -1, '', 6),
(8, 'tracker/addons/js/jquery.tooltip.js', 'js', 1, 0, '', 7),
(9, 'tracker/addons/js/jquery.prettyPhoto.js', 'js', 1, 0, '', 8),
(10, 'tracker/addons/js/jquery.fixedMenu.js', 'js', 1, 0, '', 9),
(11, 'tracker/addons/js/spoiler.js', 'js', 1, 0, '', 10),
(12, 'tracker/addons/js/easySlider.js', 'js', 1, 1, '', 11),
(13, 'tracker/addons/js/tabs.js', 'js', 1, 0, '', 12),
(14, 'tracker/addons/js/ppkbb3cker.js', 'js', 1, 0, '', 13),
(15, 'tracker/addons/css/smartmenus/sm-core-css.css', 'css', 1, 1, 'sm-core', 14),
(16, 'tracker/addons/css/smartmenus/sm-blue/sm-blue.css', 'css', 1, 1, 'sm-blue', 15),
(17, 'tracker/addons/css/smartmenus/sm-clean/sm-clean.css', 'css', 1, 1, 'sm-clean', 16),
(18, 'tracker/addons/css/smartmenus/sm-mint/sm-mint.css', 'css', 1, 1, 'sm-mint', 17),
(19, 'tracker/addons/css/smartmenus/sm-simple/sm-simple.css', 'css', 1, 1, 'sm-simple', 18),
(20, 'tracker/addons/css/smartmenus/sm-prosilver/sm-prosilver.css', 'css', 1, 1, 'sm-prosilver', 19),
(21, 'tracker/addons/css/smartmenus/sm-subsilver2/sm-subsilver2.css', 'css', 1, 1, 'sm-subsilver2', 20),
(22, 'tracker/addons/js/jquery.smartmenus.min.js', 'js', 1, 1, 'sm', 21);

INSERT INTO phpbb_portal_config (`config_name`, `config_value`) VALUES
('acp_parent_module', '219'),
('board3_menu_array_1', 'a:11:{i:0;a:4:{s:5:"title";s:9:"M_CONTENT";s:3:"url";s:0:"";s:4:"type";i:0;s:10:"permission";s:0:"";}i:1;a:4:{s:5:"title";s:5:"INDEX";s:3:"url";s:9:"index.php";s:4:"type";i:1;s:10:"permission";s:0:"";}i:2;a:4:{s:5:"title";s:6:"SEARCH";s:3:"url";s:10:"search.php";s:4:"type";i:1;s:10:"permission";s:0:"";}i:3;a:4:{s:5:"title";s:8:"REGISTER";s:3:"url";s:21:"ucp.php?mode=register";s:4:"type";i:1;s:10:"permission";s:1:"1";}i:4;a:4:{s:5:"title";s:10:"MEMBERLIST";s:3:"url";s:14:"memberlist.php";s:4:"type";i:1;s:10:"permission";s:3:"2,3";}i:5;a:4:{s:5:"title";s:8:"THE_TEAM";s:3:"url";s:27:"memberlist.php?mode=leaders";s:4:"type";i:1;s:10:"permission";s:3:"2,3";}i:6;a:4:{s:5:"title";s:6:"M_HELP";s:3:"url";s:0:"";s:4:"type";i:0;s:10:"permission";s:0:"";}i:7;a:4:{s:5:"title";s:3:"FAQ";s:3:"url";s:7:"faq.php";s:4:"type";i:1;s:10:"permission";s:0:"";}i:8;a:4:{s:5:"title";s:8:"M_BBCODE";s:3:"url";s:19:"faq.php?mode=bbcode";s:4:"type";i:1;s:10:"permission";s:0:"";}i:9;a:4:{s:5:"title";s:7:"M_TERMS";s:3:"url";s:18:"ucp.php?mode=terms";s:4:"type";i:1;s:10:"permission";s:0:"";}i:10;a:4:{s:5:"title";s:5:"M_PRV";s:3:"url";s:20:"ucp.php?mode=privacy";s:4:"type";i:1;s:10:"permission";s:0:"";}}'),
('board3_welcome_message_10', 'Welcome to my community!'),
('board3_calendar_events_18', ''),
('board3_links_array_21', 'a:4:{i:0;a:4:{s:5:"title";s:9:"Board3.de";s:3:"url";s:21:"http://www.board3.de/";s:4:"type";i:2;s:10:"permission";s:0:"";}i:1;a:4:{s:5:"title";s:10:"ppkBB3cker";s:3:"url";s:25:"http://www.ppkbb3cker.ru/";s:4:"type";i:2;s:10:"permission";s:0:"";}i:2;a:4:{s:5:"title";s:9:"phpBB.com";s:3:"url";s:21:"http://www.phpbb.com/";s:4:"type";i:2;s:10:"permission";s:0:"";}i:3;a:4:{s:5:"title";s:9:"phpBBGuRu";s:3:"url";s:25:"http://www.phpbbguru.net/";s:4:"type";i:2;s:10:"permission";s:0:"";}}');

TRUNCATE TABLE phpbb_extensions ;

INSERT INTO phpbb_extensions (`extension_id`, `group_id`, `extension`) VALUES
(1, 1, 'gif'),
(2, 1, 'png'),
(3, 1, 'jpeg'),
(4, 1, 'jpg'),
(5, 1, 'tif'),
(6, 1, 'tiff'),
(7, 1, 'tga'),
(8, 2, 'gtar'),
(9, 2, 'gz'),
(10, 2, 'tar'),
(11, 2, 'zip'),
(12, 2, 'rar'),
(13, 2, 'ace'),
(67, 10, 'torrent'),
(15, 2, 'tgz'),
(16, 2, 'bz2'),
(17, 2, '7z'),
(18, 3, 'txt'),
(19, 3, 'c'),
(20, 3, 'h'),
(21, 3, 'cpp'),
(22, 3, 'hpp'),
(23, 3, 'diz'),
(24, 3, 'csv'),
(25, 3, 'ini'),
(26, 3, 'log'),
(27, 3, 'js'),
(28, 3, 'xml'),
(29, 4, 'xls'),
(30, 4, 'xlsx'),
(31, 4, 'xlsm'),
(32, 4, 'xlsb'),
(33, 4, 'doc'),
(34, 4, 'docx'),
(35, 4, 'docm'),
(36, 4, 'dot'),
(37, 4, 'dotx'),
(38, 4, 'dotm'),
(39, 4, 'pdf'),
(40, 4, 'ai'),
(41, 4, 'ps'),
(42, 4, 'ppt'),
(43, 4, 'pptx'),
(44, 4, 'pptm'),
(45, 4, 'odg'),
(46, 4, 'odp'),
(47, 4, 'ods'),
(48, 4, 'odt'),
(49, 4, 'rtf'),
(50, 5, 'rm'),
(51, 5, 'ram'),
(52, 6, 'wma'),
(53, 6, 'wmv'),
(54, 7, 'swf'),
(55, 8, 'mov'),
(56, 8, 'm4v'),
(57, 8, 'm4a'),
(58, 8, 'mp4'),
(59, 8, '3gp'),
(60, 8, '3g2'),
(61, 8, 'qt'),
(62, 9, 'mpeg'),
(63, 9, 'mpg'),
(64, 9, 'mp3'),
(65, 9, 'ogg'),
(66, 9, 'ogm');

TRUNCATE TABLE phpbb_extension_groups ;

INSERT INTO phpbb_extension_groups (`group_id`, `group_name`, `cat_id`, `allow_group`, `download_mode`, `upload_icon`, `max_filesize`, `allowed_forums`, `allow_in_pm`) VALUES
(1, 'IMAGES', 1, 1, 1, '', 524288, 'a:21:{i:0;i:2;i:1;i:3;i:2;i:18;i:3;i:10;i:4;i:4;i:5;i:5;i:6;i:6;i:7;i:7;i:8;i:8;i:9;i:9;i:10;i:11;i:11;i:12;i:12;i:13;i:13;i:14;i:14;i:15;i:15;i:28;i:16;i:27;i:17;i:26;i:18;i:21;i:19;i:19;i:20;i:20;}', 0),
(2, 'ARCHIVES', 0, 0, 1, '', 0, '', 0),
(3, 'PLAIN_TEXT', 0, 0, 1, '', 0, '', 0),
(4, 'DOCUMENTS', 0, 0, 1, '', 0, '', 0),
(5, 'REAL_MEDIA', 3, 0, 1, '', 0, '', 0),
(6, 'WINDOWS_MEDIA', 2, 0, 1, '', 0, '', 0),
(7, 'FLASH_FILES', 5, 0, 1, '', 0, '', 0),
(8, 'QUICKTIME_MEDIA', 6, 0, 1, '', 0, '', 0),
(9, 'DOWNLOADABLE_FILES', 0, 0, 1, '', 0, '', 0),
(10, 'TRACKER_FILES', 0, 1, 1, '', 0, 'a:21:{i:0;i:2;i:1;i:3;i:2;i:18;i:3;i:10;i:4;i:4;i:5;i:5;i:6;i:6;i:7;i:7;i:8;i:8;i:9;i:9;i:10;i:11;i:11;i:12;i:12;i:13;i:13;i:14;i:14;i:15;i:15;i:28;i:16;i:27;i:17;i:26;i:18;i:21;i:19;i:19;i:20;i:20;}', 0);

TRUNCATE TABLE phpbb_forums ;

INSERT INTO phpbb_forums (`forum_id`, `parent_id`, `left_id`, `right_id`, `forum_parents`, `forum_name`, `forum_desc`, `forum_desc_bitfield`, `forum_desc_options`, `forum_desc_uid`, `forum_link`, `forum_password`, `forum_style`, `forum_image`, `forum_rules`, `forum_rules_link`, `forum_rules_bitfield`, `forum_rules_options`, `forum_rules_uid`, `forum_topics_per_page`, `forum_type`, `forum_status`, `forum_posts`, `forum_topics`, `forum_topics_real`, `forum_last_post_id`, `forum_last_poster_id`, `forum_last_post_subject`, `forum_last_post_time`, `forum_last_poster_name`, `forum_last_poster_colour`, `forum_flags`, `display_subforum_list`, `display_on_index`, `enable_indexing`, `enable_icons`, `enable_prune`, `prune_next`, `prune_days`, `prune_viewed`, `prune_freq`, `forumas`, `forum_torrents`, `forum_comments`, `forum_addfields`) VALUES
(1, 0, 1, 44, '', '{L_TRACKER_FTRACKER}', '', '', 7, '', '', '', 0, '', '', '', '', 7, '', 0, 0, 0, 0, 0, 0, 0, 0, '', 0, '', '', 32, 1, 1, 1, 1, 0, 0, 0, 0, 0, 1, 0, 0, '0'),
(2, 1, 2, 3, '', '{L_TRACKER_FLINUX}', '{L_TRACKER_FLINUX_DESCR}', '', 7, '', '', '', 0, 'images/tracker/penguin.png', '', '', '', 7, '', 0, 1, 0, 0, 0, 0, 0, 0, '', 0, '', '', 48, 1, 1, 1, 0, 0, 0, 0, 0, 0, 1, 0, 0, '2'),
(3, 1, 4, 5, '', '{L_TRACKER_FWIN}', '{L_TRACKER_FWIN_DESCR}', '', 7, '', '', '', 0, 'images/tracker/window_list.png', '', '', '', 7, '', 0, 1, 0, 0, 0, 0, 0, 0, '', 0, '', '', 48, 1, 1, 1, 0, 0, 0, 7, 7, 1, 1, 0, 0, '2'),
(4, 1, 10, 11, '', '{L_TRACKER_FGPC}', '{L_TRACKER_FGPC_DESCR}', '', 7, '', '', '', 0, 'images/tracker/package_toys.png', '', '', '', 7, '', 0, 1, 0, 0, 0, 0, 0, 0, '', 0, '', '', 48, 1, 1, 1, 0, 0, 0, 7, 7, 1, 1, 0, 0, '3'),
(5, 1, 12, 13, '', '{L_TRACKER_FGCONS}', '{L_TRACKER_FGCONS_DESCR}', '', 7, '', '', '', 0, 'images/tracker/package_games.png', '', '', '', 7, '', 0, 1, 0, 0, 0, 0, 0, 0, '', 0, '', '', 48, 1, 1, 1, 0, 0, 0, 7, 7, 1, 1, 0, 0, '3'),
(6, 1, 14, 15, '', '{L_TRACKER_FGMOB}', '{L_TRACKER_FGMOB_DESCR}', '', 7, '', '', '', 0, 'images/tracker/pda_black.png', '', '', '', 7, '', 0, 1, 0, 0, 0, 0, 0, 0, '', 0, '', '', 48, 1, 1, 1, 0, 0, 0, 7, 7, 1, 1, 0, 0, '3'),
(7, 1, 16, 17, '', '{L_TRACKER_FMUSIC}', '{L_TRACKER_FMUSIC_DESCR}', '', 7, '', '', '', 0, 'images/tracker/kcmsound.png', '', '', '', 7, '', 0, 1, 0, 0, 0, 0, 0, 0, '', 0, '', '', 48, 1, 1, 1, 0, 0, 0, 7, 7, 1, 1, 0, 0, '9'),
(8, 1, 18, 19, '', '{L_TRACKER_FBOOK}', '{L_TRACKER_FBOOK_DESCR}', '', 7, '', '', '', 0, 'images/tracker/abiword.png', '', '', '', 7, '', 0, 1, 0, 0, 0, 0, 0, 0, '', 0, '', '', 48, 1, 1, 1, 0, 0, 0, 7, 7, 1, 1, 0, 0, '5'),
(9, 1, 20, 21, '', '{L_TRACKER_FDOC}', '{L_TRACKER_FDOC_DESCR}', '', 7, '', '', '', 0, 'images/tracker/date.png', '', '', '', 7, '', 0, 1, 0, 0, 0, 0, 0, 0, '', 0, '', '', 48, 1, 1, 1, 0, 0, 0, 7, 7, 1, 1, 0, 0, '5'),
(11, 1, 22, 23, '', '{L_TRACKER_FANIME}', '{L_TRACKER_FANIME_DESCR}', '', 7, '', '', '', 0, 'images/tracker/blender.png', '', '', '', 7, '', 0, 1, 0, 0, 0, 0, 0, 0, '', 0, '', '', 48, 1, 1, 1, 0, 0, 0, 7, 7, 1, 1, 0, 0, '6'),
(12, 1, 24, 25, '', '{L_TRACKER_FSERIAL}', '{L_TRACKER_FSERIAL_DESCR}', '', 7, '', '', '', 0, 'images/tracker/show_offliners.png', '', '', '', 7, '', 0, 1, 0, 0, 0, 0, 0, 0, '', 0, '', '', 48, 1, 1, 1, 0, 0, 0, 7, 7, 1, 1, 0, 0, '6'),
(13, 1, 26, 27, '', '{L_TRACKER_FAVI}', '{L_TRACKER_FAVI_DESCR}', '', 7, '', '', '', 0, 'images/tracker/cdrom_unmount.png', '', '', '', 7, '', 0, 1, 0, 0, 0, 0, 0, 0, '', 0, '', '', 48, 1, 1, 1, 0, 0, 0, 7, 7, 1, 1, 0, 0, '6'),
(10, 1, 8, 9, '', '{L_TRACKER_FMOB}', '{L_TRACKER_FMOB_DESCR}', '', 7, '', '', '', 0, 'images/tracker/kpalmdoc.png', '', '', '', 7, '', 0, 1, 0, 0, 0, 0, 0, 0, '', 0, '', '', 48, 1, 1, 1, 0, 0, 0, 7, 7, 1, 1, 0, 0, '2'),
(14, 1, 28, 29, '', '{L_TRACKER_FDVD}', '{L_TRACKER_FDVD_DESCR}', '', 7, '', '', '', 0, 'images/tracker/dvd_unmount.png', '', '', '', 7, '', 0, 1, 0, 0, 0, 0, 0, 0, '', 0, '', '', 48, 1, 1, 1, 0, 0, 0, 7, 7, 1, 1, 0, 0, '6'),
(15, 1, 30, 31, '', '{L_TRACKER_FHDTV}', '{L_TRACKER_FHDTV_DESCR}', '', 7, '', '', '', 0, 'images/tracker/cdwriter_unmount.png', '', '', '', 7, '', 0, 1, 0, 0, 0, 0, 0, 0, '', 0, '', '', 48, 1, 1, 1, 0, 0, 0, 7, 7, 1, 1, 0, 0, '6'),
(16, 0, 45, 48, '', '{L_FORUMS_FIRST_CATEGORY}', '', '', 7, '', '', '', 0, '', '', '', '', 7, '', 0, 0, 0, 0, 0, 0, 0, 0, '', 0, '', '', 32, 1, 0, 1, 0, 0, 0, 7, 7, 1, 1, 0, 0, '0'),
(17, 16, 46, 47, '', '{L_FORUMS_TEST_FORUM_TITLE}', '{L_FORUMS_TEST_FORUM_DESC}', '', 7, '', '', '', 0, '', '', '', '', 7, '', 0, 1, 0, 1, 1, 1, 1, 2, '{L_TOPICS_TOPIC_TITLE}', 972086460, 'Admin', 'AA0000', 32, 1, 0, 1, 0, 0, 0, 7, 7, 1, 0, 2, 0, '0'),
(19, 1, 40, 41, '', '{L_TRACKER_FOTHER}', '{L_TRACKER_FOTHER_DESCR}', '', 7, '', '', '', 0, 'images/tracker/assistant.png', '', '', '', 7, '', 0, 1, 0, 0, 0, 0, 0, 0, '', 0, '', '', 48, 1, 1, 1, 0, 0, 0, 7, 7, 1, 1, 0, 0, '0'),
(20, 1, 42, 43, '', '{L_TRACKER_FTRASH}', '{L_TRACKER_FTRASH_DESCR}', '', 7, '', '', '', 0, 'images/tracker/messagebox_critical.png', '', '', '', 7, '', 0, 1, 0, 0, 0, 0, 0, 0, '', 0, '', '', 32, 0, 0, 1, 0, 0, 0, 7, 7, 1, 1, 0, 0, '0'),
(18, 1, 6, 7, '', '{L_TRACKER_FMAC}', '{L_TRACKER_FMAC_DESCR}', '', 7, '', '', '', 0, 'images/tracker/mac.png', '', '', '', 7, '', 0, 1, 0, 0, 0, 0, 0, 0, '', 0, '', '', 48, 1, 1, 1, 0, 0, 0, 7, 7, 1, 1, 0, 0, '2'),
(21, 1, 38, 39, '', '{L_TRACKER_FXXX}', '{L_TRACKER_FXXX_DESCR}', '', 7, '', '', '', 0, 'images/tracker/xeyes.png', '', '', '', 7, '', 0, 1, 0, 0, 0, 0, 0, 0, '', 0, '', '', 32, 0, 0, 1, 0, 0, 0, 7, 7, 1, 1, 0, 0, '0'),
(23, 24, 50, 51, '', '{L_TRACKER_FUNITED}', '', '', 7, '', '', '', 0, '', '', '', '', 7, '', 0, 1, 0, 0, 0, 0, 0, 0, '', 0, '', '', 0, 1, 1, 0, 0, 0, 0, 7, 7, 1, 2, 0, 0, '0'),
(24, 0, 49, 52, '', '{L_TRACKER_FCHAT}', '', '', 7, '', '', '', 0, '', '', '', '', 7, '', 0, 0, 0, 0, 0, 0, 0, 0, '', 0, '', '', 32, 1, 0, 1, 0, 0, 0, 7, 7, 1, 2, 0, 0, '0'),
(26, 1, 36, 37, '', '{L_TRACKER_FCLIP}', '{L_TRACKER_FCLIP_DESCR}', '', 7, '', '', '', 0, 'images/tracker/cinecamera.png', '', '', '', 7, '', 0, 1, 0, 0, 0, 0, 0, 0, '', 0, '', '', 48, 1, 1, 1, 0, 0, 0, 7, 7, 1, 1, 0, 0, '6'),
(27, 1, 34, 35, '', '{L_TRACKER_FTV}', '{L_TRACKER_FTV_DESCR}', '', 7, '', '', '', 0, 'images/tracker/tv.png', '', '', '', 7, '', 0, 1, 0, 0, 0, 0, 0, 0, '', 0, '', '', 48, 1, 1, 1, 0, 0, 0, 7, 7, 1, 1, 0, 0, '6'),
(28, 1, 32, 33, '', '{L_TRACKER_FMULT}', '{L_TRACKER_FMULT_DESCR}', '', 7, '', '', '', 0, 'images/tracker/gadu_protocol.png', '', '', '', 7, '', 0, 1, 0, 0, 0, 0, 0, 0, '', 0, '', '', 32, 1, 0, 1, 0, 0, 0, 7, 7, 1, 1, 0, 0, '6');

TRUNCATE TABLE phpbb_groups ;

INSERT INTO phpbb_groups (`group_id`, `group_type`, `group_founder_manage`, `group_name`, `group_desc`, `group_desc_bitfield`, `group_desc_options`, `group_desc_uid`, `group_display`, `group_avatar`, `group_avatar_type`, `group_avatar_width`, `group_avatar_height`, `group_rank`, `group_colour`, `group_sig_chars`, `group_receive_pm`, `group_message_limit`, `group_legend`, `group_max_recipients`) VALUES
(1, 3, 0, 'GUESTS', '', '', 7, '', 0, '', 0, 0, 0, 0, '', 0, 0, 0, 0, 5),
(2, 3, 0, 'REGISTERED', '', '', 7, '', 0, '', 0, 0, 0, 0, '', 0, 0, 0, 0, 5),
(3, 3, 0, 'REGISTERED_COPPA', '', '', 7, '', 0, '', 0, 0, 0, 0, '', 0, 0, 0, 0, 5),
(4, 3, 0, 'GLOBAL_MODERATORS', '', '', 7, '', 0, '', 0, 0, 0, 0, '00AA00', 0, 0, 0, 1, 0),
(5, 3, 1, 'ADMINISTRATORS', '', '', 7, '', 0, '', 0, 0, 0, 0, 'AA0000', 0, 0, 0, 1, 0),
(6, 3, 0, 'BOTS', '', '', 7, '', 0, '', 0, 0, 0, 0, '9E8DA7', 0, 0, 0, 0, 5),
(15, 1, 0, 'VIPUPLOADERS', '', '', 7, '', 0, '', 0, 0, 0, 0, '0000FF', 0, 1, 0, 1, 0),
(16, 1, 0, 'SUPERUPLOADERS', '', '', 7, '', 0, '', 0, 0, 0, 0, '0033FF', 0, 1, 0, 1, 0),
(17, 2, 0, 'EXPUPLOADERS', '', '', 7, '', 0, '', 0, 0, 0, 0, '0066FF', 0, 1, 0, 0, 0),
(18, 2, 0, 'UPLOADERS', '', '', 7, '', 0, '', 0, 0, 0, 0, '0099FF', 0, 1, 0, 0, 0),
(19, 2, 0, 'EXPLEECHERS', '', '', 7, '', 0, '', 0, 0, 0, 0, '009966', 0, 1, 0, 0, 0),
(20, 2, 0, 'LEECHERS', '', '', 7, '', 0, '', 0, 0, 0, 0, '00CC99', 0, 1, 0, 0, 0),
(21, 2, 0, 'PRIVTRUSERS', '', '', 7, '', 0, '', 0, 0, 0, 0, '', 0, 1, 0, 0, 0),
(22, 2, 0, 'TRUSERS', '', '', 7, '', 0, '', 0, 0, 0, 0, '', 0, 1, 0, 0, 0),
(23, 2, 0, 'CHATUSERS', '', '', 7, '', 0, '', 0, 0, 0, 0, '', 0, 1, 0, 0, 0),
(24, 1, 0, 'MODERATORS', '', '', 7, '', 0, '', 0, 0, 0, 0, '00CC00', 0, 1, 0, 1, 0),
(25, 1, 0, 'JRMODERATORS', '', '', 7, '', 0, '', 0, 0, 0, 0, '00FF00', 0, 1, 0, 1, 0),
(26, 3, 0, 'NEWLY_REGISTERED', '', '', 7, '', 0, '', 0, 0, 0, 0, '', 0, 0, 0, 0, 5);

INSERT INTO phpbb_reports_reasons (`reason_title`, `reason_description`, `reason_order`) VALUES
('TORRENT_ABUSE_DESCR', '{L_RREASON_TORRENT_ABUSE_DESCR}', 5),
('TORRENT_ABUSE_CAT', '{L_RREASON_TORRENT_ABUSE_CAT}', 4);

TRUNCATE TABLE phpbb_user_group ;

INSERT INTO phpbb_user_group (`group_id`, `user_id`, `group_leader`, `user_pending`) VALUES
(1, 1, 0, 0),
(2, 2, 0, 0),
(4, 2, 0, 0),
(5, 2, 1, 0),
(23, 2, 0, 0);

TRUNCATE TABLE phpbb_moderator_cache ;

INSERT INTO phpbb_moderator_cache (`forum_id`, `user_id`, `username`, `group_id`, `group_name`, `display_on_index`) VALUES
(1, 0, '', 25, 'JRMODERATORS', 1),
(2, 0, '', 25, 'JRMODERATORS', 1),
(3, 0, '', 25, 'JRMODERATORS', 1),
(4, 0, '', 25, 'JRMODERATORS', 1),
(5, 0, '', 25, 'JRMODERATORS', 1),
(6, 0, '', 25, 'JRMODERATORS', 1),
(7, 0, '', 25, 'JRMODERATORS', 1),
(8, 0, '', 25, 'JRMODERATORS', 1),
(9, 0, '', 25, 'JRMODERATORS', 1),
(10, 0, '', 25, 'JRMODERATORS', 1),
(12, 0, '', 25, 'JRMODERATORS', 1),
(13, 0, '', 25, 'JRMODERATORS', 1),
(14, 0, '', 25, 'JRMODERATORS', 1),
(15, 0, '', 25, 'JRMODERATORS', 1),
(18, 0, '', 25, 'JRMODERATORS', 1),
(19, 0, '', 25, 'JRMODERATORS', 1),
(20, 0, '', 25, 'JRMODERATORS', 1),
(21, 0, '', 25, 'JRMODERATORS', 1),
(26, 0, '', 25, 'JRMODERATORS', 1),
(27, 0, '', 25, 'JRMODERATORS', 1),
(1, 0, '', 24, 'MODERATORS', 1),
(2, 0, '', 24, 'MODERATORS', 1),
(3, 0, '', 24, 'MODERATORS', 1),
(4, 0, '', 24, 'MODERATORS', 1),
(5, 0, '', 24, 'MODERATORS', 1),
(6, 0, '', 24, 'MODERATORS', 1),
(7, 0, '', 24, 'MODERATORS', 1),
(8, 0, '', 24, 'MODERATORS', 1),
(9, 0, '', 24, 'MODERATORS', 1),
(10, 0, '', 24, 'MODERATORS', 1),
(12, 0, '', 24, 'MODERATORS', 1),
(13, 0, '', 24, 'MODERATORS', 1),
(14, 0, '', 24, 'MODERATORS', 1),
(15, 0, '', 24, 'MODERATORS', 1),
(18, 0, '', 24, 'MODERATORS', 1),
(19, 0, '', 24, 'MODERATORS', 1),
(20, 0, '', 24, 'MODERATORS', 1),
(21, 0, '', 24, 'MODERATORS', 1),
(26, 0, '', 24, 'MODERATORS', 1),
(27, 0, '', 24, 'MODERATORS', 1);

TRUNCATE TABLE phpbb_styles ;

INSERT INTO phpbb_styles (`style_id`, `style_name`, `style_copyright`, `style_active`, `template_id`, `theme_id`, `imageset_id`) VALUES
(1, 'subsilver2', '&copy; 2005 phpBB Group', 1, 1, 1, 1);

TRUNCATE TABLE phpbb_styles_imageset ;

INSERT INTO phpbb_styles_imageset (`imageset_id`, `imageset_name`, `imageset_copyright`, `imageset_path`) VALUES
(1, 'subsilver2', '&copy; phpBB Group, 2003', 'subsilver2');

TRUNCATE TABLE phpbb_styles_imageset_data ;

INSERT INTO phpbb_styles_imageset_data (`image_name`, `image_filename`, `image_lang`, `image_height`, `image_width`, `imageset_id`) VALUES
('icon_contact_email', 'icon_contact_email.gif', 'ru', 0, 0, 1),
('icon_contact_aim', 'icon_contact_aim.gif', 'ru', 0, 0, 1),
('icon_topic_unapproved', 'icon_topic_unapproved.gif', '', 18, 19, 1),
('icon_topic_reported', 'icon_topic_reported.gif', '', 18, 19, 1),
('icon_topic_newest', 'icon_topic_newest.gif', '', 9, 18, 1),
('icon_topic_latest', 'icon_topic_latest.gif', '', 9, 18, 1),
('icon_topic_attach', 'icon_topic_attach.gif', '', 18, 14, 1),
('icon_post_target_unread', 'icon_post_target_unread.gif', '', 9, 12, 1),
('icon_post_target', 'icon_post_target.gif', '', 9, 12, 1),
('pm_unread', 'topic_unread.gif', '', 18, 19, 1),
('pm_read', 'topic_read.gif', '', 18, 19, 1),
('global_unread_locked_mine', 'announce_unread_locked_mine.gif', '', 18, 19, 1),
('global_unread_locked', 'announce_unread_locked.gif', '', 18, 19, 1),
('global_unread_mine', 'announce_unread_mine.gif', '', 18, 19, 1),
('global_unread', 'announce_unread.gif', '', 18, 19, 1),
('global_read_locked_mine', 'announce_read_locked_mine.gif', '', 18, 19, 1),
('global_read_locked', 'announce_read_locked.gif', '', 18, 19, 1),
('global_read_mine', 'announce_read_mine.gif', '', 18, 19, 1),
('global_read', 'announce_read.gif', '', 18, 19, 1),
('announce_unread_locked_mine', 'announce_unread_locked_mine.gif', '', 18, 19, 1),
('announce_unread_locked', 'announce_unread_locked.gif', '', 18, 19, 1),
('announce_unread_mine', 'announce_unread_mine.gif', '', 18, 19, 1),
('announce_unread', 'announce_unread.gif', '', 18, 19, 1),
('announce_read_locked_mine', 'announce_read_locked_mine.gif', '', 18, 19, 1),
('announce_read_locked', 'announce_read_locked.gif', '', 18, 19, 1),
('announce_read_mine', 'announce_read_mine.gif', '', 18, 19, 1),
('announce_read', 'announce_read.gif', '', 18, 19, 1),
('sticky_unread_locked_mine', 'sticky_unread_locked_mine.gif', '', 18, 19, 1),
('sticky_unread_locked', 'sticky_unread_locked.gif', '', 18, 19, 1),
('sticky_unread_mine', 'sticky_unread_mine.gif', '', 18, 19, 1),
('sticky_unread', 'sticky_unread.gif', '', 18, 19, 1),
('sticky_read_locked_mine', 'sticky_read_locked_mine.gif', '', 18, 19, 1),
('sticky_read_locked', 'sticky_read_locked.gif', '', 18, 19, 1),
('sticky_read_mine', 'sticky_read_mine.gif', '', 18, 19, 1),
('sticky_read', 'sticky_read.gif', '', 18, 19, 1),
('topic_unread_locked_mine', 'topic_unread_locked_mine.gif', '', 18, 19, 1),
('topic_unread_locked', 'topic_unread_locked.gif', '', 18, 19, 1),
('topic_unread_hot_mine', 'topic_unread_hot_mine.gif', '', 18, 19, 1),
('topic_unread_hot', 'topic_unread_hot.gif', '', 18, 19, 1),
('topic_unread_mine', 'topic_unread_mine.gif', '', 18, 19, 1),
('topic_unread', 'topic_unread.gif', '', 18, 19, 1),
('topic_read_locked_mine', 'topic_read_locked_mine.gif', '', 18, 19, 1),
('topic_read_locked', 'topic_read_locked.gif', '', 18, 19, 1),
('topic_read_hot_mine', 'topic_read_hot_mine.gif', '', 18, 19, 1),
('topic_read_hot', 'topic_read_hot.gif', '', 18, 19, 1),
('topic_read_mine', 'topic_read_mine.gif', '', 18, 19, 1),
('topic_read', 'topic_read.gif', '', 18, 19, 1),
('topic_moved', 'topic_moved.gif', '', 18, 19, 1),
('forum_unread_subforum', 'forum_unread_subforum.gif', '', 25, 46, 1),
('forum_unread_locked', 'forum_unread_locked.gif', '', 25, 46, 1),
('forum_unread', 'forum_unread.gif', '', 25, 46, 1),
('forum_read_subforum', 'forum_read_subforum.gif', '', 25, 46, 1),
('forum_read_locked', 'forum_read_locked.gif', '', 25, 46, 1),
('forum_read', 'forum_read.gif', '', 25, 46, 1),
('forum_link', 'forum_link.gif', '', 25, 46, 1),
('poll_right', 'poll_right.gif', '', 12, 4, 1),
('poll_center', 'poll_center.gif', '', 12, 1, 1),
('poll_left', 'poll_left.gif', '', 12, 4, 1),
('upload_bar', 'upload_bar.gif', '', 16, 280, 1),
('site_logo', 'ppkbb3cker-logo-new.png', '', 80, 300, 1),
('icon_contact_icq', 'icon_contact_icq.gif', 'ru', 0, 0, 1),
('icon_contact_jabber', 'icon_contact_jabber.gif', 'ru', 0, 0, 1),
('icon_contact_msnm', 'icon_contact_msnm.gif', 'ru', 0, 0, 1),
('icon_contact_pm', 'icon_contact_pm.gif', 'ru', 0, 0, 1),
('icon_contact_yahoo', 'icon_contact_yahoo.gif', 'ru', 0, 0, 1),
('icon_contact_www', 'icon_contact_www.gif', 'ru', 0, 0, 1),
('icon_post_delete', 'icon_post_delete.gif', 'ru', 0, 0, 1),
('icon_post_edit', 'icon_post_edit.gif', 'ru', 0, 0, 1),
('icon_post_info', 'icon_post_info.gif', 'ru', 0, 0, 1),
('icon_post_quote', 'icon_post_quote.gif', 'ru', 0, 0, 1),
('icon_post_report', 'icon_post_report.gif', 'ru', 0, 0, 1),
('icon_user_online', 'icon_user_online.gif', 'ru', 0, 0, 1),
('icon_user_offline', 'icon_user_offline.gif', 'ru', 0, 0, 1),
('icon_user_profile', 'icon_user_profile.gif', 'ru', 0, 0, 1),
('icon_user_search', 'icon_user_search.gif', 'ru', 0, 0, 1),
('icon_user_warn', 'icon_user_warn.gif', 'ru', 0, 0, 1),
('button_pm_new', 'button_pm_new.gif', 'ru', 0, 0, 1),
('button_pm_reply', 'button_pm_reply.gif', 'ru', 0, 0, 1),
('button_topic_locked', 'button_topic_locked.gif', 'ru', 0, 0, 1),
('button_topic_new', 'button_topic_new.gif', 'ru', 0, 0, 1),
('button_topic_reply', 'button_topic_reply.gif', 'ru', 0, 0, 1),
('icon_post_quickquote', 'icon_post_quickquote.gif', 'ru', 20, 127, 1),
('icon_say_thanks', 'ksmiletris.png', 'ru', 32, 100, 1);

TRUNCATE TABLE phpbb_styles_template ;

INSERT INTO phpbb_styles_template (`template_id`, `template_name`, `template_copyright`, `template_path`, `bbcode_bitfield`, `template_storedb`, `template_inherits_id`, `template_inherit_path`) VALUES
(1, 'subsilver2', '&copy; phpBB Group, 2003', 'subsilver2', 'kNg=', 0, 0, '');

TRUNCATE TABLE phpbb_styles_theme ;

INSERT INTO phpbb_styles_theme (`theme_id`, `theme_name`, `theme_copyright`, `theme_path`, `theme_storedb`, `theme_mtime`, `theme_data`) VALUES
(1, 'subsilver2', '&copy; phpBB Group, 2003', 'subsilver2', 0, 0, '');

INSERT INTO phpbb_bbcodes (`bbcode_id`, `bbcode_tag`, `bbcode_helpline`, `display_on_posting`, `bbcode_match`, `bbcode_tpl`, `first_pass_match`, `first_pass_replace`, `second_pass_match`, `second_pass_replace`) VALUES
(14, 'center', '[center]centered text[/center]', 1, '[center]{TEXT}[/center]', '<div style="text-align: center;">{TEXT}</div>', '!\\[center\\](.*?)\\[/center\\]!ies', '''[center:$uid]''.str_replace(array("\\r\\n", ''\\"'', ''\\'''', ''('', '')''), array("\\n", ''"'', ''&#39;'', ''&#40;'', ''&#41;''), trim(''${1}'')).''[/center:$uid]''', '!\\[center:$uid\\](.*?)\\[/center:$uid\\]!s', '<div style="text-align: center;">${1}</div>'),
(15, 'justify', '[justify]justified text[/justify]', 1, '[justify]{TEXT}[/justify]', '<div style="text-align: justify;">{TEXT}</div>', '!\\[justify\\](.*?)\\[/justify\\]!ies', '''[justify:$uid]''.str_replace(array("\\r\\n", ''\\"'', ''\\'''', ''('', '')''), array("\\n", ''"'', ''&#39;'', ''&#40;'', ''&#41;''), trim(''${1}'')).''[/justify:$uid]''', '!\\[justify:$uid\\](.*?)\\[/justify:$uid\\]!s', '<div style="text-align: justify;">${1}</div>'),
(16, 'left', '[left]left aligned text[/left]', 1, '[left]{TEXT}[/left]', '<div style="text-align: left;">{TEXT}</div>', '!\\[left\\](.*?)\\[/left\\]!ies', '''[left:$uid]''.str_replace(array("\\r\\n", ''\\"'', ''\\'''', ''('', '')''), array("\\n", ''"'', ''&#39;'', ''&#40;'', ''&#41;''), trim(''${1}'')).''[/left:$uid]''', '!\\[left:$uid\\](.*?)\\[/left:$uid\\]!s', '<div style="text-align: left;">${1}</div>'),
(17, 'right', '[right]right aligned text[/right]', 1, '[right]{TEXT}[/right]', '<div style="text-align: right;">{TEXT}</div>', '!\\[right\\](.*?)\\[/right\\]!ies', '''[right:$uid]''.str_replace(array("\\r\\n", ''\\"'', ''\\'''', ''('', '')''), array("\\n", ''"'', ''&#39;'', ''&#40;'', ''&#41;''), trim(''${1}'')).''[/right:$uid]''', '!\\[right:$uid\\](.*?)\\[/right:$uid\\]!s', '<div style="text-align: right;">${1}</div>'),
(18, 'background=', '[background=yellow]text on a yellow background[/background]', 0, '[background={COLOR}]{TEXT}[/background]', '<span style="background-color: {COLOR};">{TEXT}</span>', '!\\[background\\=([a-z]+|#[0-9abcdef]+)\\](.*?)\\[/background\\]!ies', '''[background=${1}:$uid]''.str_replace(array("\\r\\n", ''\\"'', ''\\'''', ''('', '')''), array("\\n", ''"'', ''&#39;'', ''&#40;'', ''&#41;''), trim(''${2}'')).''[/background:$uid]''', '!\\[background\\=([a-zA-Z]+|#[0-9abcdefABCDEF]+):$uid\\](.*?)\\[/background:$uid\\]!s', '<span style="background-color: ${1};">${2}</span>'),
(19, 'font=', '[font=Georgia]Georgia font[/font]', 1, '[font={SIMPLETEXT}]{TEXT}[/font]', '<span style="font-family: {SIMPLETEXT};">{TEXT}</span>', '!\\[font\\=([a-zA-Z0-9-+.,_ ]+)\\](.*?)\\[/font\\]!ies', '''[font=${1}:$uid]''.str_replace(array("\\r\\n", ''\\"'', ''\\'''', ''('', '')''), array("\\n", ''"'', ''&#39;'', ''&#40;'', ''&#41;''), trim(''${2}'')).''[/font:$uid]''', '!\\[font\\=([a-zA-Z0-9-+.,_ ]+):$uid\\](.*?)\\[/font:$uid\\]!s', '<span style="font-family: ${1};">${2}</span>'),
(20, 's', '[s]strikethrough text[/s]', 1, '[s]{TEXT}[/s]', '<span style="text-decoration: line-through;">{TEXT}</span>', '!\\[s\\](.*?)\\[/s\\]!ies', '''[s:$uid]''.str_replace(array("\\r\\n", ''\\"'', ''\\'''', ''('', '')''), array("\\n", ''"'', ''&#39;'', ''&#40;'', ''&#41;''), trim(''${1}'')).''[/s:$uid]''', '!\\[s:$uid\\](.*?)\\[/s:$uid\\]!s', '<span style="text-decoration: line-through;">${1}</span>'),
(21, 'sub', 'H[sub]2[/sub]O', 1, '[sub]{TEXT}[/sub]', '<span style="vertical-align: sub;">{TEXT}</span>', '!\\[sub\\](.*?)\\[/sub\\]!ies', '''[sub:$uid]''.str_replace(array("\\r\\n", ''\\"'', ''\\'''', ''('', '')''), array("\\n", ''"'', ''&#39;'', ''&#40;'', ''&#41;''), trim(''${1}'')).''[/sub:$uid]''', '!\\[sub:$uid\\](.*?)\\[/sub:$uid\\]!s', '<span style="vertical-align: sub;">${1}</span>'),
(22, 'sup', 'x[sup]3[/sup]', 1, '[sup]{TEXT}[/sup]', '<span style="vertical-align: super;">{TEXT}</span>', '!\\[sup\\](.*?)\\[/sup\\]!ies', '''[sup:$uid]''.str_replace(array("\\r\\n", ''\\"'', ''\\'''', ''('', '')''), array("\\n", ''"'', ''&#39;'', ''&#40;'', ''&#41;''), trim(''${1}'')).''[/sup:$uid]''', '!\\[sup:$uid\\](.*?)\\[/sup:$uid\\]!s', '<span style="vertical-align: super;">${1}</span>'),
(23, 'hr', '[hr][/hr]', 1, '[hr][/hr]', '<hr />', '!\\[hr\\]\\[/hr\\]!i', '[hr:$uid][/hr:$uid]', '[hr:$uid][/hr:$uid]', ''),
(24, 'imgleft', 'Изображение слева: [imgleft]http://image_url[/imgleft]', 1, '[imgleft]{URL}[/imgleft]', '<var title="{URL}" class="postImg" alt="{L_IMAGE}" style="margin:5px;" align="left" />#7</var>', '!\\[imgleft\\](?:([a-z][a-z\\d+\\-.]*:/{2}(?:(?:[a-z0-9\\-._~\\!$&''()*+,;=:@|]+|%[\\dA-F]{2})+|[0-9.]+|\\[[a-z0-9.]+:[a-z0-9.]+:[a-z0-9.:]+\\])(?::\\d*)?(?:/(?:[a-z0-9\\-._~\\!$&''()*+,;=:@|]+|%[\\dA-F]{2})*)*(?:\\?(?:[a-z0-9\\-._~\\!$&''()*+,;=:@/?|]+|%[\\dA-F]{2})*)?(?:#(?:[a-z0-9\\-._~\\!$&''()*+,;=:@/?|]+|%[\\dA-F]{2})*)?)|(www\\.(?:[a-z0-9\\-._~\\!$&''()*+,;=:@|]+|%[\\dA-F]{2})+(?::\\d*)?(?:/(?:[a-z0-9\\-._~\\!$&''()*+,;=:@|]+|%[\\dA-F]{2})*)*(?:\\?(?:[a-z0-9\\-._~\\!$&''()*+,;=:@/?|]+|%[\\dA-F]{2})*)?(?:#(?:[a-z0-9\\-._~\\!$&''()*+,;=:@/?|]+|%[\\dA-F]{2})*)?))\\[/imgleft\\]!ie', '''[imgleft:$uid]''.$this->bbcode_specialchars((''${1}'') ? ''${1}'' : ''http://${2}'').''[/imgleft:$uid]''', '!\\[imgleft:$uid\\](?i)((?:[a-z][a-z\\d+\\-.]*:/{2}(?:(?:[a-z0-9\\-._~\\!$&''()*+,;=:@|]+|%[\\dA-F]{2})+|[0-9.]+|\\[[a-z0-9.]+:[a-z0-9.]+:[a-z0-9.:]+\\])(?::\\d*)?(?:/(?:[a-z0-9\\-._~\\!$&''()*+,;=:@|]+|%[\\dA-F]{2})*)*(?:\\?(?:[a-z0-9\\-._~\\!$&''()*+,;=:@/?|]+|%[\\dA-F]{2})*)?(?:#(?:[a-z0-9\\-._~\\!$&''()*+,;=:@/?|]+|%[\\dA-F]{2})*)?)|(?:www\\.(?:[a-z0-9\\-._~\\!$&''()*+,;=:@|]+|%[\\dA-F]{2})+(?::\\d*)?(?:/(?:[a-z0-9\\-._~\\!$&''()*+,;=:@|]+|%[\\dA-F]{2})*)*(?:\\?(?:[a-z0-9\\-._~\\!$&''()*+,;=:@/?|]+|%[\\dA-F]{2})*)?(?:#(?:[a-z0-9\\-._~\\!$&''()*+,;=:@/?|]+|%[\\dA-F]{2})*)?))(?-i)\\[/imgleft:$uid\\]!s', '<var title="${1}" class="postImg" alt="{L_IMAGE}" style="margin:5px;" align="left" />#7</var>'),
(25, 'imgright', 'Изображение справа: [imgright]http://image_url[/imgright]', 1, '[imgright]{URL}[/imgright]', '<var title="{URL}" class="postImg" alt="{L_IMAGE}" style="margin:5px;" align="right" />#777</var>', '!\\[imgright\\](?:([a-z][a-z\\d+\\-.]*:/{2}(?:(?:[a-z0-9\\-._~\\!$&''()*+,;=:@|]+|%[\\dA-F]{2})+|[0-9.]+|\\[[a-z0-9.]+:[a-z0-9.]+:[a-z0-9.:]+\\])(?::\\d*)?(?:/(?:[a-z0-9\\-._~\\!$&''()*+,;=:@|]+|%[\\dA-F]{2})*)*(?:\\?(?:[a-z0-9\\-._~\\!$&''()*+,;=:@/?|]+|%[\\dA-F]{2})*)?(?:#(?:[a-z0-9\\-._~\\!$&''()*+,;=:@/?|]+|%[\\dA-F]{2})*)?)|(www\\.(?:[a-z0-9\\-._~\\!$&''()*+,;=:@|]+|%[\\dA-F]{2})+(?::\\d*)?(?:/(?:[a-z0-9\\-._~\\!$&''()*+,;=:@|]+|%[\\dA-F]{2})*)*(?:\\?(?:[a-z0-9\\-._~\\!$&''()*+,;=:@/?|]+|%[\\dA-F]{2})*)?(?:#(?:[a-z0-9\\-._~\\!$&''()*+,;=:@/?|]+|%[\\dA-F]{2})*)?))\\[/imgright\\]!ie', '''[imgright:$uid]''.$this->bbcode_specialchars((''${1}'') ? ''${1}'' : ''http://${2}'').''[/imgright:$uid]''', '!\\[imgright:$uid\\](?i)((?:[a-z][a-z\\d+\\-.]*:/{2}(?:(?:[a-z0-9\\-._~\\!$&''()*+,;=:@|]+|%[\\dA-F]{2})+|[0-9.]+|\\[[a-z0-9.]+:[a-z0-9.]+:[a-z0-9.:]+\\])(?::\\d*)?(?:/(?:[a-z0-9\\-._~\\!$&''()*+,;=:@|]+|%[\\dA-F]{2})*)*(?:\\?(?:[a-z0-9\\-._~\\!$&''()*+,;=:@/?|]+|%[\\dA-F]{2})*)?(?:#(?:[a-z0-9\\-._~\\!$&''()*+,;=:@/?|]+|%[\\dA-F]{2})*)?)|(?:www\\.(?:[a-z0-9\\-._~\\!$&''()*+,;=:@|]+|%[\\dA-F]{2})+(?::\\d*)?(?:/(?:[a-z0-9\\-._~\\!$&''()*+,;=:@|]+|%[\\dA-F]{2})*)*(?:\\?(?:[a-z0-9\\-._~\\!$&''()*+,;=:@/?|]+|%[\\dA-F]{2})*)?(?:#(?:[a-z0-9\\-._~\\!$&''()*+,;=:@/?|]+|%[\\dA-F]{2})*)?))(?-i)\\[/imgright:$uid\\]!s', '<var title="${1}" class="postImg" alt="{L_IMAGE}" style="margin:5px;" align="right" />#777</var>');

INSERT INTO phpbb_tracker_afftpl (`id`, `addfields`, `addfields_hlp`, `addfields_br`, `addfields_br2`, `addfields_inall`, `addfields_ta`, `addfields_multi`, `addfields_bbcode`, `addfields_bbcodes`, `addfields_descr`, `addfields_enable`, `af_id`, `addfields_alias`) VALUES
(1, 'version', '', '', '', 0, 0, 0, '', '', 'Версия', 1, 0, ''),
(2, 'year', '', '', '', 0, 0, 0, '', '', 'Дата выхода', 1, 0, ''),
(3, 'status', 'бесплатная\r\nусловно-бесплатная\r\nтриал\r\nдемо\r\nплатная', '', '', 0, 0, 0, '', '', 'Статус', 1, 0, ''),
(4, 'type', '', '', '', 0, 0, 0, '', '', 'Тип', 1, 0, ''),
(5, 'orig', '', '', '', 0, 0, 0, '', '', 'Оригинальное название', 1, 0, ''),
(6, 'style', '', '', '', 0, 0, 0, '', '', 'Жанр', 1, 0, ''),
(7, 'producer', '', '', '', 0, 0, 0, '', '', 'Режиссёр', 1, 0, ''),
(8, 'acters', '', '', '', 0, 0, 0, '', '', 'В ролях', 1, 0, ''),
(9, 'afilm', '', '', '', 0, 1, 0, '', '', 'О фильме', 1, 0, ''),
(10, 'imdb', 'http://imdb.com/title/tt041827 8.0/10 (41,610 голосов)', '', '', 0, 0, 0, '', '', 'IMDB', 1, 0, ''),
(11, 'company', '', '', '', 0, 0, 0, '', '', 'Кинокомпания', 1, 0, ''),
(12, 'land', '', '', '', 0, 0, 0, '', '', 'Страна', 1, 0, ''),
(13, 'time', '01:34:23', '', '', 0, 0, 0, '', '', 'Продолжительность', 1, 0, ''),
(14, 'translate', 'Оригинал\r\nЛюбительский (один голос)\r\nЛюбительский (многоголосный)\r\nПрофессиональный (многоголосный)\r\nГоблин\r\nДублированный', '', '', 0, 0, 0, '', '', 'Перевод', 1, 0, ''),
(15, 'aformat', 'MP3\r\nAC3\r\nWMA\r\nOGG\r\nMP2\r\nFLAC\r\nAPE', '', '', 0, 0, 0, '', '', 'Формат аудио', 1, 0, ''),
(16, 'vformat', 'DivX\r\nXviD\r\nWMV\r\nAVI\r\nSVCD\r\nVCD', '', '', 0, 0, 0, '', '', 'Формат видео', 1, 0, ''),
(17, 'quality', 'DVDRip\r\nDVD9Rip\r\nDVDScr\r\nTVRip\r\nTS\r\nTC\r\nCAMRip\r\nTVRip\r\nSATRip\r\nHDTVRip\r\nHD-DVDRip\r\nVHSRip', '', '', 0, 0, 0, '', '', 'Качество', 1, 0, ''),
(18, 'video', '560x304, 985 кб/с', '', '', 0, 0, 0, '', '', 'Видео', 1, 0, ''),
(19, 'audio', 'MP3, 192 кб/с', '', '', 0, 0, 0, '', '', 'Аудио', 1, 0, ''),
(20, 'sample', '', '', '', 0, 0, 0, '', '', 'Сэмпл', 1, 0, ''),
(21, 'execut', '', '', '', 0, 0, 0, '', '', 'Исполнитель', 1, 0, ''),
(22, 'author', '', '', '', 0, 0, 0, '', '', 'Автор', 1, 0, ''),
(23, 'album', '', '', '', 0, 0, 0, '', '', 'Альбом', 1, 0, ''),
(24, 'bitrate', '', '', '', 0, 0, 0, '', '', 'Битрэйт', 1, 0, ''),
(25, 'tracklist', '', '', '', 0, 1, 0, '', '', 'Трэклист', 1, 0, ''),
(26, 'developer', '', '', '', 0, 0, 0, '', '', 'Разработчик', 1, 0, ''),
(27, 'publisher', '', '', '', 0, 0, 0, '', '', 'Издатель', 1, 0, ''),
(28, 'agame', '', '', '', 0, 1, 0, '', '', 'Об игре', 1, 0, ''),
(29, 'feature', '', '', '', 0, 1, 0, '', '', 'Особенности игры', 1, 0, ''),
(30, 'protect', '', '', '', 0, 0, 0, '', '', 'Защита', 1, 0, ''),
(31, 'sysreq', '', '', '', 0, 1, 0, '', '', 'Системные требования', 1, 0, ''),
(32, 'launch', '', '', '', 0, 1, 0, '', '', 'Запуск', 1, 0, ''),
(33, 'language', 'русский\r\nанглийский', '', '', 0, 0, 0, '', '', 'Язык', 1, 0, ''),
(34, 'addit', '', '', '', 0, 1, 0, '', '', 'Дополнительно', 1, 0, ''),
(35, 'poster', '', '', '', 0, 0, 0, '[spoiler="Постер"]%s[/spoiler]', '[img]%s[/img]', 'Постер', 1, 0, ''),
(36, 'screenshots', '', '', '', 0, 0, 0, '[spoiler="Скриншоты"]%s[/spoiler]', '[img]%s[/img]', 'Скриншоты', 1, 0, '');

INSERT INTO phpbb_tracker_afsets (`id`, `af_id`, `af_name`, `af_count`, `af_order`) VALUES
(9, 2, 'version', 1, 0),
(10, 2, 'year', 1, 0),
(11, 2, 'status', 1, 0),
(12, 2, 'developer', 1, 0),
(13, 2, 'sysreq', 1, 0),
(14, 2, 'launch', 1, 0),
(15, 2, 'language', 1, 0),
(16, 2, 'addit', 1, 0),
(17, 3, 'version', 1, 0),
(18, 3, 'year', 1, 0),
(19, 3, 'status', 1, 0),
(20, 3, 'style', 1, 0),
(21, 3, 'developer', 1, 0),
(22, 3, 'publisher', 1, 0),
(23, 3, 'agame', 1, 0),
(24, 3, 'feature', 1, 0),
(25, 3, 'protect', 1, 0),
(26, 3, 'sysreq', 1, 0),
(27, 3, 'launch', 1, 0),
(28, 3, 'language', 1, 0),
(29, 3, 'addit', 1, 0),
(45, 5, 'year', 1, 0),
(46, 5, 'orig', 1, 0),
(47, 5, 'style', 1, 0),
(48, 5, 'land', 1, 0),
(49, 5, 'author', 1, 0),
(50, 5, 'publisher', 1, 0),
(51, 5, 'language', 1, 0),
(52, 5, 'addit', 1, 0),
(53, 6, 'year', 1, 0),
(54, 6, 'orig', 1, 0),
(55, 6, 'style', 1, 0),
(56, 6, 'producer', 1, 0),
(57, 6, 'acters', 1, 0),
(58, 6, 'afilm', 1, 0),
(59, 6, 'imdb', 1, 0),
(60, 6, 'company', 1, 0),
(61, 6, 'land', 1, 0),
(62, 6, 'time', 1, 0),
(63, 6, 'translate', 1, 0),
(64, 6, 'aformat', 1, 0),
(65, 6, 'vformat', 1, 0),
(66, 6, 'quality', 1, 0),
(67, 6, 'video', 1, 0),
(68, 6, 'audio', 1, 0),
(69, 6, 'language', 1, 0),
(70, 6, 'addit', 1, 0),
(108, 9, 'year', 1, 0),
(109, 9, 'style', 1, 0),
(110, 9, 'time', 1, 0),
(111, 9, 'aformat', 1, 0),
(112, 9, 'audio', 1, 0),
(113, 9, 'album', 1, 0),
(114, 9, 'bitrate', 1, 0),
(115, 9, 'tracklist', 1, 0),
(116, 9, 'language', 1, 0),
(117, 9, 'addit', 1, 0);

INSERT INTO phpbb_tracker_aftpl (`id`, `af_name`, `af_descr`, `af_subject`, `af_data`) VALUES
(2, 'Soft', '', '', ''),
(3, 'Game', '', '', ''),
(5, 'Book', '', '', ''),
(6, 'Films', '', '', ''),
(9, 'Music', '', '', '');

INSERT INTO phpbb_tracker_statuses (`id`, `status_id`, `status_reason`, `status_mark`, `def_forb`, `def_notforb`, `author_candown`, `status_enabled`) VALUES
(1, 0, 'без статуса', '', 0, 0, 0, 1),
(2, 1, 'запрещённый торрент', '<font color="#FF0000">Запрещён</font>', 0, 0, 0, 1),
(3, 2, 'недооформленный торрент', '<font color="#FF3F47">Недооформлен</font>', 0, 0, 0, 1),
(4, 3, 'повторный торрент', '<font color="#FF3F47">Повторный</font>', 0, 0, 0, 1),
(5, 4, 'поглощённый торрент', '<font color="#FF3F47">Поглощён</font>', 0, 0, 0, 1),
(6, 5, 'непроверенный торрент', '<font color="#FF3F47">Непроверен</font>', 0, 1, 1, 1),
(7, -1, 'обновлённый торрент', '<font color="#09AF00">Обновлён</font>', 0, 0, 0, 1),
(8, -2, 'проверенный торрент', 'Проверен', 1, 0, 0, 1);

# POSTGRES COMMIT #
